-- phpMyAdmin SQL Dump
-- version 5.2.1
-- https://www.phpmyadmin.net/
--
-- Servidor: 127.0.0.1
-- Tiempo de generación: 12-11-2025 a las 04:17:47
-- Versión del servidor: 10.4.32-MariaDB
-- Versión de PHP: 8.2.12

SET SQL_MODE = "NO_AUTO_VALUE_ON_ZERO";
START TRANSACTION;
SET time_zone = "+00:00";


/*!40101 SET @OLD_CHARACTER_SET_CLIENT=@@CHARACTER_SET_CLIENT */;
/*!40101 SET @OLD_CHARACTER_SET_RESULTS=@@CHARACTER_SET_RESULTS */;
/*!40101 SET @OLD_COLLATION_CONNECTION=@@COLLATION_CONNECTION */;
/*!40101 SET NAMES utf8mb4 */;

--
-- Base de datos: `order_work`
--

-- --------------------------------------------------------

--
-- Estructura de tabla para la tabla `categories`
--

CREATE TABLE `categories` (
  `category_id` int(11) NOT NULL,
  `category_name` varchar(100) NOT NULL
) ENGINE=InnoDB DEFAULT CHARSET=utf8mb4 COLLATE=utf8mb4_unicode_ci;

--
-- Volcado de datos para la tabla `categories`
--

INSERT INTO `categories` (`category_id`, `category_name`) VALUES
(23, 'Building Glass'),
(14, 'Concret'),
(16, 'Demolition'),
(17, 'Desposal'),
(33, 'Dumpster and Closure'),
(6, 'Electrical'),
(37, 'Equipment pick up and Relocation'),
(15, 'Escavation'),
(32, 'Fencing'),
(31, 'Fire Suppression System'),
(19, 'Floor Cleaning'),
(20, 'Floor Repair'),
(4, 'Flooring'),
(30, 'Gathers'),
(7, 'HVAC and Heating'),
(29, 'Inspections'),
(8, 'Kitchen equipment'),
(22, 'Landscaping'),
(12, 'Line Stripes'),
(24, 'Locksmith'),
(27, 'Maintenance and Repairs'),
(35, 'Mold Removal'),
(11, 'Painting'),
(13, 'Paving'),
(36, 'Pest Control'),
(5, 'Plumbing'),
(18, 'Presure Washing'),
(9, 'Refrigeration'),
(1, 'Roofing'),
(25, 'Septic System Pum out'),
(2, 'Siding'),
(34, 'Snow Removal'),
(10, 'Special Services'),
(26, 'Spill Groves'),
(28, 'Sump'),
(21, 'Tree Removals'),
(3, 'Windows');

-- --------------------------------------------------------

--
-- Estructura de tabla para la tabla `subcategories`
--

CREATE TABLE `subcategories` (
  `subcategory_id` int(11) NOT NULL,
  `category_id` int(11) NOT NULL,
  `subcategory_name` varchar(100) NOT NULL
) ENGINE=InnoDB DEFAULT CHARSET=utf8mb4 COLLATE=utf8mb4_unicode_ci;

--
-- Volcado de datos para la tabla `subcategories`
--

INSERT INTO `subcategories` (`subcategory_id`, `category_id`, `subcategory_name`) VALUES
(1, 5, 'Drains Cleaning'),
(2, 5, 'Water pipes'),
(3, 5, 'Sewer Repair'),
(4, 5, 'Water heaer'),
(5, 6, 'Exterior Lighting'),
(6, 6, 'Interior Lighting'),
(7, 10, 'Emergency'),
(8, 10, 'Emergency clean up'),
(9, 11, 'Exterior'),
(10, 11, 'Interior'),
(11, 11, 'Canopy'),
(12, 29, 'Exterior'),
(13, 29, 'Interior'),
(14, 30, 'Cleaning'),
(15, 30, 'Instalation'),
(16, 30, 'Repair'),
(17, 31, 'Maintenance'),
(18, 31, 'Emergency Clean up'),
(19, 32, 'Instalation'),
(20, 32, 'Repair'),
(21, 32, 'Wooding'),
(22, 32, 'Vinyl'),
(23, 32, 'Chain Link Fence'),
(24, 33, 'Vynil'),
(25, 33, 'wooding'),
(26, 33, 'Chain Link'),
(27, 34, 'Outside Removal'),
(28, 34, 'Emergency sidewalk opening'),
(29, 34, 'De icing'),
(30, 34, 'Emergency snow removal from roof'),
(31, 34, 'Canopy equipment');

-- --------------------------------------------------------

--
-- Estructura de tabla para la tabla `users`
--

CREATE TABLE `users` (
  `user_id` int(11) NOT NULL,
  `full_name` varchar(100) NOT NULL,
  `email` varchar(100) NOT NULL,
  `password_hash` varchar(255) NOT NULL,
  `role` enum('admin','technician') NOT NULL DEFAULT 'technician',
  `created_at` timestamp NOT NULL DEFAULT current_timestamp()
) ENGINE=InnoDB DEFAULT CHARSET=utf8mb4 COLLATE=utf8mb4_unicode_ci;

--
-- Volcado de datos para la tabla `users`
--

INSERT INTO `users` (`user_id`, `full_name`, `email`, `password_hash`, `role`, `created_at`) VALUES
(1, 'Elemr Hernandez', 'armando.mendez.dev@gmail.com', '$2y$10$XTEqn7Fh3tOcYXbD0aWDaubZJH2EszlEfjhvzb4DDqfmmBip2/I7S', 'technician', '2025-10-28 07:23:18'),
(2, 'Dereck Elysse ', 'dereck2699@icloud.com', '$2y$10$XTEqn7Fh3tOcYXbD0aWDaubZJH2EszlEfjhvzb4DDqfmmBip2/I7S', 'technician', '2025-10-28 07:23:18'),
(3, 'David Maldonado', 'Jmaldonado300@yahoo.com', '$2y$10$XTEqn7Fh3tOcYXbD0aWDaubZJH2EszlEfjhvzb4DDqfmmBip2/I7S', 'technician', '2025-10-28 07:23:18'),
(4, 'Omar Portillo', 'Omarportillo326@gmail.com', '$2y$10$XTEqn7Fh3tOcYXbD0aWDaubZJH2EszlEfjhvzb4DDqfmmBip2/I7S', 'technician', '2025-10-28 07:23:18'),
(5, 'Luis Ramirez', 'luis.ramirez@empresa.com', '$2y$10$XTEqn7Fh3tOcYXbD0aWDaubZJH2EszlEfjhvzb4DDqfmmBip2/I7S', 'technician', '2025-10-28 07:23:18'),
(6, 'Admin General', 'admin@general.com', '$2y$10$XTEqn7Fh3tOcYXbD0aWDaubZJH2EszlEfjhvzb4DDqfmmBip2/I7S', 'technician', '2025-10-28 07:23:19'),
(7, 'Pedro Maldonado', 'blkdragone@gmail.com', '$2y$10$XTEqn7Fh3tOcYXbD0aWDaubZJH2EszlEfjhvzb4DDqfmmBip2/I7S', 'admin', '2025-10-28 07:23:19');

-- --------------------------------------------------------

--
-- Estructura de tabla para la tabla `workorderphotos`
--

CREATE TABLE `workorderphotos` (
  `photo_id` int(11) NOT NULL,
  `work_order_id` int(11) NOT NULL,
  `photo_type` enum('before','after') NOT NULL,
  `file_path` varchar(255) NOT NULL,
  `uploaded_at` timestamp NOT NULL DEFAULT current_timestamp()
) ENGINE=InnoDB DEFAULT CHARSET=utf8mb4 COLLATE=utf8mb4_unicode_ci;

--
-- Volcado de datos para la tabla `workorderphotos`
--

INSERT INTO `workorderphotos` (`photo_id`, `work_order_id`, `photo_type`, `file_path`, `uploaded_at`) VALUES
(59, 12, 'before', 'uploads/before/12_fp_690bdee9c17ab_Captura_de_pantalla_2025_10_02_191719.png', '2025-11-05 23:34:40'),
(60, 12, 'after', 'uploads/after/12_fp_690bdeed145f2_Captura_de_pantalla_2025_10_02_205120.png', '2025-11-05 23:34:40');

-- --------------------------------------------------------

--
-- Estructura de tabla para la tabla `workorders`
--

CREATE TABLE `workorders` (
  `work_order_id` int(11) NOT NULL,
  `work_order_number` varchar(50) NOT NULL,
  `created_by_admin_id` int(11) NOT NULL,
  `assigned_to_user_id` int(11) DEFAULT NULL,
  `status` enum('Pending','In Progress','Completed') NOT NULL DEFAULT 'Pending',
  `customer_name` varchar(255) NOT NULL,
  `customer_city` varchar(100) NOT NULL,
  `customer_phone` varchar(50) DEFAULT NULL,
  `customer_type` varchar(100) DEFAULT NULL,
  `service_date` date DEFAULT NULL,
  `category_id` int(11) DEFAULT NULL,
  `subcategory_id` int(11) DEFAULT NULL,
  `total_cost` decimal(10,2) DEFAULT 0.00,
  `materials_used` text DEFAULT NULL,
  `work_description` text DEFAULT NULL,
  `start_datetime` datetime DEFAULT NULL,
  `end_datetime` datetime DEFAULT NULL,
  `total_hours` decimal(5,2) DEFAULT NULL,
  `estimated_duration` varchar(50) DEFAULT NULL,
  `work_after_5pm` tinyint(1) DEFAULT 0,
  `work_weekend` tinyint(1) DEFAULT 0,
  `tech_signature_name_print` varchar(100) DEFAULT NULL,
  `manager_signature_name_print` varchar(100) DEFAULT NULL,
  `created_at` timestamp NOT NULL DEFAULT current_timestamp(),
  `updated_at` timestamp NOT NULL DEFAULT current_timestamp() ON UPDATE current_timestamp(),
  `is_emergency` tinyint(1) DEFAULT 0,
  `activity_description` text DEFAULT NULL,
  `tech_signature_base64` text DEFAULT NULL,
  `manager_signature_base64` text DEFAULT NULL
) ENGINE=InnoDB DEFAULT CHARSET=utf8mb4 COLLATE=utf8mb4_unicode_ci;

--
-- Volcado de datos para la tabla `workorders`
--

INSERT INTO `workorders` (`work_order_id`, `work_order_number`, `created_by_admin_id`, `assigned_to_user_id`, `status`, `customer_name`, `customer_city`, `customer_phone`, `customer_type`, `service_date`, `category_id`, `subcategory_id`, `total_cost`, `materials_used`, `work_description`, `start_datetime`, `end_datetime`, `total_hours`, `estimated_duration`, `work_after_5pm`, `work_weekend`, `tech_signature_name_print`, `manager_signature_name_print`, `created_at`, `updated_at`, `is_emergency`, `activity_description`, `tech_signature_base64`, `manager_signature_base64`) VALUES
(12, 'WO-2025-NOV-00001', 7, 1, 'Completed', 'armando mendez rios rios', 'chilpancingo de los bravo', '7471228268', 'Gas Station', '2025-11-05', 14, NULL, 0.00, 'Materiales usados', 'Descripcion del proceso de trabajo...', '2025-11-05 12:00:00', '2025-11-07 12:00:00', 8.00, 'Less than 8 hrs', 1, 1, 'Tecnico responsable', 'Encargado de tienda', '2025-11-05 23:32:14', '2025-11-06 21:33:16', 1, 'Actividad de trabajo', 'data:image/png;base64,iVBORw0KGgoAAAANSUhEUgAAASwAAACWCAYAAABkW7XSAAAQAElEQVR4AezdCdh221wG8Lc5MheZ56FDJYWSBqU0UrpEE4k0apKKIgmllJQTTSTVOZUohHNKQo6I0jkJUZ0yhsxEc/fvXPZ3fec733ve7x2ePT33e6373eOz11r3Xvu+/v//WnvtD93pXxkoA2VgIQxUsBZyo1rMMlAGdnYqWG0FZaAMLIaBCtZibtXhC9orlIGlM1DBWvodbPnLwBYxUMHaopvdqpaBpTNQwVr6HWz5y8DJGFjpvgrWSm9sq1UG1shABWu8u/rhyeqjg8sFVw6uFlwjuGrw8YHltbK8fnDD4EbBdQPHLpPlJQLX6D0LEU3byUAb/2buO2EhToTmKsniE4LPDb4xeGjwG8EffBBPzvKMD+JpWf5p8OfB84Kzg98KHhx8bfCZwXWCywfyyKKpDGwPAxWsk93rg+/7yPz0YwMC9aVZ3id4TPCU4HeDRwXfGnxBcPPgU4NPDz4v+Jzgk4JrBlcKWFbXy/K2wb2DRwdnBo8L7hv4DTHsPQwZTdvBQBv70d1nXBKcwYp6RC79/cGXBwSMkLG6WEYfkn3Hp+O3/zcH/if478Dy/7L8sIBLSMRukfWvC747uGNwg+AKwXDtrDaVgXUy4CFbZ802XyvcfUSyuXQg9sRCYj3dM9usH/s+JuvEJosd4vOBrLwjeEPwD8Frgn8J3hi8Lvib4JnBE4LHBpbPyNL+N2X5/oDgiX/Jg6X1k9n3NcFNAvExVl5Wm8rA+hjw0K2vVpuvEd5YNFdPVl8YPCj49UCcScCcULGU/j37CM1fZSlm9YtZPiz44eCHjsP9sg73z/KBgXMIkXiX7Qdk3yODPwz+LnhnQAjlz728W7a/OuBeErNLZl0Zs2i6eAZ6dEkMtFHv/26xcC6Vn4kvESvWzRdlm0VFKFhSb8v2uYGAOqEhaA/J9s8Fjw/EtJ6V5VnBHwXOe2qWAu0vz5LVRehYXQTq+dknfnV6lvD7WbK63pWl8ijL52edeH1yllcMammFhKZ1MVDB2t/9xBdREhj/jPyUYN0yS/GpLHbek38EhvgIthOX386+5wavCIgQl/B9WeceAitsgG2xK9ZZTtmxtP3ebPxrQAS5jKy5X8n204NXB0TSEInPzjrxVCYBeWKWXU1lYB0MeADXUZNxasFqIU6C6EThtGR72YCosKpekHXDEJ6YpSEJrKW3ZJ0gOYcAZfNAyW8Jmuv9ba7AQiNaBPHvs/2fwccFNw1uHSgbce09DhlN62DgkI15HSScYi1wZVzVjXP+ZwVcL71zhIJg/Gr2AavnvKwTFkFyQpPNI0uuR7j+LVdkzT07S2Bp/UfWB9HSm3jtbCtzLa0Q0bR8BjyEy6/F5mvggdcDJ6B+m2R3q4ALJvBNOP4i28Tqz7L854ALx6LK6saS63MtxbsMNH1hcnptwD0Uw2JpsQIF5nUQqEMON5WB5TJQwbr4e4cfbqCR5Syq2+V01pUAOxEgGIYn/HX2E453Z0lIWEFZ3XiSD3E0POIvk9tg2REn4nr77OMeDqKlPpDdTWVgeQy08V78PfPgc6n0wrGs9MRxsz4qPyNW/5jliwOuGfHI6uiJQArkcwlfltwJqLKJtXELBeG90uO9RFbiQe95Lt1UBqZloI13d/5xw7oSp/JCstdoiBURIxAC6oYhnJNLnB9MlQilOBrX9JUpBCuLtSfOZfgFy/CLs59ocWPtU6/saioDy2LAQ7msEo9TWrwAS4o7aDCmYQLcQC6YILu4ERCJt49TrF1zYWUpl3FbrCxW36tytgGmRuITLYLl1SGzQqgH4c0pTWVgOQx4KJdT2nFLKqBOsDzwrCyWiRIQJ4JlaAFLZohbOTYl/iuZEyhC9Zyse6VHZwAhM/TCMAeiJRhvehtWVu9/iGq6KANz3dMGe/I7gxfvCYr5cKMErb18rAfO6HKDOLlgxIB1c/KrjL+Xa8hdFYQnWsZqEVfDK8S0bpYi6eH03iERrpUVQpqWw4AHczmlHa+kePE+IKEySFTA2iBMMycYBMqqEtgmVmJI45Vs75yUiZB6oVrvpcGsAvLGaBEpvYfGkqkb11Bd975qzygDM2CgjfWiNwEnwGXSQ2ggJpeKNUKcBLNZLFwwFtdFrzD9HqJFWM0KoVOAa2jdfqJlShoirF7qqb7Tl7olKAN7MNCGevEEmacKhrNYWEC4LGE4dmw5kxXixH1lXRmjpVfzrSmb+ohhmYJZAJ6re9B2QMRZojomCKF4XwUwJDdthoGDNtTNlGZeVyVKYkJcKdYUcRoC8VwpD+uc+VN+oiWmRbS4h5Ze0CYyplrej5WlrurN4uRSmgn1zrll9wjuFZi48A5ZipM5R4dFNpvKwNExoBEe3dXWcSUPOnjYuVUecC4gwRoC8aYwZlGwTgjXnGtOdL2YTawE4HUWKLMZJ/QYGrXPNVS33dqD88XwDO8wUSGB+pFU+keDHwy+NzADKnxL1s2yKlbGpfbb7GoqA4dnYLcGevgrL/sKBMuDLrjuATdcwD5WAzfKeCYQuPYgz/mhVG5xtzfnlhjgakmM9Rp+SvYZo0WI1EN7gOw+ltRNvb2fOFhWX5KjJgs0oNZvuZgE0LXMZf8NOW6wqqEUhJ1lduJ1c8oKUqswKgNtRCen20NOsLhTxlq9Pqexsjy8rCuj3r1XyC36xBzz8Gcx20SgxLP0HKqLdbEmI/eJFmuIsKjfiZWwzzHiYxyXj2cQKdYlF1lMDLQlwsYdJObm5vq0XMywEC6o6zgnu5rKwMEYaAM6OW+DYHGl/imnGM1u8j0i5qFkZbEwviLHfAhC3GbOD6T6cG9ZV6wsI+INyzAYltVEYAiLbfVItS5I1gXSWVLEyqfKrBMrIsVNdm29pWBbmyJQrkcQiXktrAvo7L/DMqBxHfYaa/29B9BDbTiAHjavvFgnWuI9rA7WlXjNXUOCOdV9GILF4mE16NR5OTR5IiqsLBYjwRLLYmnZxyISfBfLGsSFUGkbrDBf6mFdiXc5j4ARK7/lMhM/L1yzRL0FgB/5uQahcg2W2OQktADLZ0CjnK4W887ZQ+fhE78SsDZy3JxT3Co9h7hjSbAixHTM2z4Eob8jVbtTYCoaFomgtgfYb7J7kkRgWFnKz2I0ZbNJBokP8SVYLEd1Uk4gON6hNFuFeJ1jznctsb0XpSZPCnxz0VxgrFEi77ieVfxZJ/45rakMHI4BjfJwV1j3r4nWELB+Sarq/TwvPLNS9B46zopiTRmM6bUXc1DdPed+T/ADwXcFvqYj3sX9IgAnul45ZZREPMSvCIsv+bAcWUkC7oSXBXW8lcX1E7MTVFdmYkWECN1LU2J8mK/e9fDEknIOgXJdLrVR98QLV/lJUxk4OAMVrL2586B5GFkmBmD61JYv3XjgxYRYW66CS+LlwR7cKHNo+ejp9+UEn/byYdVvzvpXBibWM3hT7xtLxu+ze+NJXQwgZTX68o7YHJEhSqwsgkWouHIsKtsEWexuECJCZ2od7ywausBd5AoTY5akDgquImGXlzzxCBuvYDNYLwNjPSRLZ9CDNlgWpm7xmS6ukLnUuVYsCVaEB9q56otbQuSB5xb6yo4AvXFKhMt3CVlh4l+GAOhRIxjEgVj4vescJZSNlUVACAnRMqWzusnX0ATgIhItriwLy0h2ZfJ7FhPxVledDV+WAprYUE+j+JZrESuzWRA03HxgZ+eCLwDl1KYycHAGNvFQHLw08/+lh9EDKAb0xymuL+T45BYBE98yeR73iMvkwSZies5YMB54AmBIgGA968tI8e/MdYiXAZhiX3fJtu8LEgOj0YkH4WO55NCRJKKlfALvZk0V22JNEStuq5gVy4/FJHZFdJWBBek85+gh/fqURlmdbz9+BN+9u8gCdX35yI/Y5fSmMnBwBipY++fOg+chZEWwtlhaP5/L/Fjw48HPBI8LuI3iPD4MIW7EdWSV5NCOWA8BIEZiR6wrVtbdctBo8UHAWGBcSCJmqmNBfGKnF5L4EcH8ZN9JHYiLXkM9n8qnLXBljTEjQsrju4uGPBAvcS5l1qtogKgPXIjbscwUQA8hV9HnzXw7keXp+vKRn3OKMnAoBjTSQ11gi3/MaiBc4lgeTsFnIuU7gb8UXn428KVn3w5kgZnmxXkEjJWmN22wwFhPLBTul7gW95GrxV0UtCdgeiAfkGsK5LPKvLv3VdnWQymg75UZY6WMDyOAYkqExZK1Zp9jRI8LR4wMwyCALCixN/mLR7GeCCUXVnnEqZSR0FpyF8W0WI/EjsVJqNTdV6l1UHA5K1a5QVuYNlblCtbRUjuIGOvr3Fz6rIDLyOp6SNYfGjwyYIE9LUvDAsSRiB4BGywwrheLRuyIC0k0WD4GbgrYf1N+K5D/wCxd98FZAiuPsNnvXT8Q7LckdvY7hyXo/Pvnd16jIWaC7qwl1hTXUNyNS6gc2glxUj/xL0M9WGbiVFzjM3Id7jHLingRMedmd1MZODoGNMSju1qvdDwDHlgWmNlJPcSGQ+hhfEJOenTw8ICA/VSWvxw8NSBgBmH6jYeeOLgOsXCvuIAsIW4ZUSFkLCjuGeuKoLG2uI/e6TOoFazb55hXZrxew9Xze+4loWIxsaDkA8N6irXDUjLuyteB/iQ7iNMvZPmI4PTgyQH3l/AqczabysDRM6BhHv1Ve8WTMSCO48E3Pol14uE32FIM7LH5wU8HPxGwxmyfmXUWi2C+4QfmaudOCugTM4FyLuVglbmXRIZ1RtjEm7hulsTIPu6cDgAC6LeGHxhPxmICVp4yKqtzwLY8DekgVI9KucTsfi1LVqLgOouSOBPX7G4qA5thQCPfzJV71b0YIAoecMLDMhGwNkzid/JDFpcY2MOyzsUb3Dnun7gYl1JcjDsmNiZmRNRcw2s3eiqJm146wxZsEzwunHNZe9xVYvmbyePxAbfO2Cq/UyZipYzWXYeLywKUj55AAseaUof8vKkMbJ6BCtbmOT7VHIiDh5+lwqIx3MD7i8/PBYgLd1JQWxCfaBEzsSivBBE0cSrxKnEpsA7WBe0tbTtXLEsMi0VHGLl1T0w+BJPgsQJZbsrE6jK4lJBxC/V22p/Tm8rAuAxUsMbl+zC5EQliwbIxcFOwnjvGwuJasra4kGJheuq4lFw47/mxxp6ezAmfc42TYjGJl3HnWHhAmPTuESniyW0kXvaLq3Ef7c+lmsrA+AxUsMbnfI45Du4fgRKzsiRMXD5WFYFk9Yl5Ec451mGRZWqh98dABWt/fK31bIF4gXk9kF6vsW4f0WJhGRTKumLhESxYKxet14wZqGDN+OaMWDS9h8ZbGXkP1u0DvYygl1Ev5IjFalZl4MIMVLAuzMe2bmkHrCrjsbzyQ6CIE5Eyyp2IWdp2LmwrV633hAwsuuFNyNvasiZOBMvrQawr2+qofXATvbpj1L1z7HOsKAOjM9DGNzrls8yQQLGeDDoVuzKkARSWSA2Wl4GobTNYKSZhoI1vEtpnlak2QKyIEXES208sYwAAC7JJREFUUBdcN7TBUmFZXkSL9SWuZV9RBkZnQGMdPdNmOCsGWFXEius3CJLeQYKlZ9AQB4ImhuUc54/fbmZFWQszFQNteFMxP598uYDHu4RKRqQMZzANjldzWFXEimixwtpusFSMzkAb3uiUzzJDFpUBo1xASwNGCZbBoiwthWZ9AQuLyNlXlIFRGahgjUr3LDMjViwqIgW2h5HvBMwxAkWogLVle5aVaaHWwMDudahg7c7NthwZguxeuiZYQ++gtkG8iJYlPggWOGa7KAOjMtCGNyrds8yMYBEpsM56IkoC8YM1ZWlbb+EwqHSWlWmh1s1ABWvd93c/tSNUgu8ESXDd9MimSfbVHDOcgo9UgLnfbRsBb0CpIQ8nwjFw3Oh5QXvXJn77KVfPLQPHGKhgHaNiLSsHqoeYFQuL60e4WFNGt/t8l0+N+bLPTXLl2wXmk/dhDHPK+8LPvbPP58m+LctvD6z7SIZjvvrj+D2y31z0pnI2R73gfdteSGnaHwNtNPvja61nEyq9gWZl0Dtom7VlCAM3kPVkDvlbhQDfUiRK9836/YLjJwU0OSCYTNCxYeJA+0wgeK+c7+s+V82StdX2FyKaTp2BNphT52rNZxIoQmXeKyBe4lnH15nlpb0QMjEug0kJGuFhkbGawDo4BtYJHtfytFzQhy9Yb3UNQ0bT/hjQAPf3i569NgYIE8Hy0VMzkJr3/fxU0ih3bmJWjzRxPwcc6YW38GJbV+UK1tbd8pNW2GBRUy/7wIQplX3Cy8cpfNTCF3oIGpEZfmx9NxBAQuc3xnC5NovN1Ms+XgHycsy5wzW7LAN7MlDB2pOirTmBwBiLxbry7UEfpvDtRJ/yMn+8qZLFuBw3j/zZYea5wTmBOeJ9LMO88Y/J9n0CQXbfQrx91u8U3D3w8Qsf0/AVH2O+squpDJw6AxWsU+dqW84kXOJZPk7hIxcE6bxU3ldzxLd8vMI3CfUS3jX7BeEJ0l2yfs9AgN2XfZ6VdZ8Ne06WhM0nwnxqjPDJI7ubysD+GNhmwdofU9t3NnfNi8/Ei0vHtcOCNsMdtM/L0b6oA766Q4y4kKwnvwfi5LeWtl2jKAMHYkDjO9AP+6PVM0BgCA8BIlpiTtqLnj89g3oKbcPqyWgF58FAG9s87sNcS8EiEkAHZdReCJUhDYYl2AbHijKwcQba2DZO8SoyOHEMFtEyHmsx7WcVd6GV2GmDayMoA2VgMQxUsBZzqyYrqFiW+JUlFxEmK0wz3m4GKljbff/3qr3eQGIl+K6nTyzLvr1+1+NlYCMMnJJgbSTnXnQpDIhfiVcJsg/LYX0pdWg5V8JABWslN3JD1SBW2sjxQXbbsKEse9kysDsDbXi7c9MjOzvcP26gaZKBe8g1hMay2kJGZ6CCNTrlM8/wwsVjYbGuhsGixl9Zt2zbuTBX3RqBgTa6EUheeBbiVkTLErQZ2+JY1hdevRZ/SQy0wS3pbk1TVm7hAG6gdUuYpkTNdWsZqGBt7a0/pYoTJ/EqwxqMw7Lth1zFth1MLBrLK3wb3fLu2RQlJlQgb2IF1osyMCoDFaxR6V5sZtoJECpLsL7YCrXgy2RAw1tmyVvqsRkgUNqLgLsv6YB1+2Ds8jS/LWSgDe3AN30rf0i0QA8hsbK+lUS00tMwUMGahvel51qhWvodXGj5K1gLvXEjFZswDdaUMVi2ZW1IA1gvysBoDFSwRqN6sRlpI0Cs9BR6Vcdc7+BVHcIFi63gKRS8p8yEAQ1xJkVpMWbOAMEC4mRMFhCwmRe7xVsTAxWsNd3NzdSFK+jdQUuCJZcKFRaK0RmoYI1O+WIy1Db0BF4yJR6+kjMIFiurohVimsZlQKPcdI69/nIZIFAsKyBQhIorOMD2cmvXki+OgQrW4m7ZaAXWNriCwNKyTaC8W/j+lGIIuGe1qQyMw4BGOE5OzWVpDGgb5r66VArOJbTNsiJWQLgIGOSUpjKweQY0ws3n0hyWyoD2wcICdTCkgVCZvcGSWIFjF6D/ysAmGdAgN3n9XnuZDGgXQKgukSpwCcWzuIHvy/a7A6JVsQoRTeMxoFGOl1tzWgoD2gUY5c4tBIF3AsWyAtaW7aXUqeVcAQMa5Qqq0SpsgAECRagMa7DUVvQUimNVrDZA+OIuOUGBNcIJsm2WM2dAu+AGCrhfOmUlWFxClpVXciyze6cWFhaK0RjQMEfLrBkthgHtgjtozisWFvEiTuJWYlg++WV7MRVqQdfBgIa5jpq0FkfJAGuKSBnOMFhXAu6C7W9PRqwsrmFFK2Q0jcdABWs8ri+c07y3CBYLSw/hIFjGXr01xX5T8N6gYhUSmsZloII1Lt9LyE2bANbVZVJgcSziJdD+rmyzsIhXBStkNI3LgIY5bo7Nbe4MaBODO3jZFHaIYWV1h1so4E68bBdlYFQGNM5RM2xms2ZAe2BNCbZfMSW9SqCX0BAHFpVgO1jPoaZTY6BnHRUDGuhRXavXWT4D2gNX8AqpyrWD6wQEy35C9Z5si1+xsipaIaNpXAY0xHFzbG5zZWBoC9zBy6WQVwuuHAi8GzCqZ1AvoWEN7SEMMU3jMzA00vFzbo5zZIA7KGZ1pRTu6oEYFgETsxJor3UVUpqmY2ABgjUdOVuWs7ZgCAN38FqpO5dQD2FWd1hXegffmQ3CVXcwRDSNz4BGOn6uzXFuDGgHwLoSaBe7umoKScC4f4YzvDnbbwuMdq9ghYim8RnQSMfPtTnOjQHtwFQyXECCJX5lnYtoKAPr6i0ptBhWA+4homkaBjTUaXJurnNhQBsA1hSREr/iFuotVEYCxcJ6Rza4hpu0rpJFUxnYnQENdfejPbJNDLCwLp8KG39FuATbvaLDwtIzKOBedzAENU3HQAVrOu7nlDPXT4D9RHdQGcWwWFmEq9YVRorJGKhgTUb9bDLWBrh/LKvrplR6CL1DOIxu1ys4WFeGN1S0QlLT4Rk4yBU01oP8rr9ZDwOsK66gYQzXT7VYWQaLZnXH6HZDGczSII7F0iJY4HhRBkZloII1Kt2zy8z99+oNy+qmKd0NAqPciRhryjCG87PvtYGewkGwstlUBsZnQIMdP9fmOAcG3HuuoPFWN0+BbhFcI9Bb6FUc7w2+OtvnBUSLpSWelc2mMjANAxrtNDk310MxcAQ/1iuoN5BVdbNcjzsodqVNcAXfmH0vC14emLRPLKuuYMhomo4BjXO63JvzFAy45ywrcasbpgC3DCxtD66gMVevzH7W1euyFHRnXVWwQkbTdAxovNPl3pzHZoAgsaLErG6dzO8Y3Da4ZsDiIkhcQS7gS7LvNQFXsLGrENE0PQMVrOnvwVglIFYC7NdLhrcJ7hzcIbhRYAwWsWJZvSLbzwteFLCuDBp1LJtNkzDQTI8xUME6RsWqV9xnMJOoIPtpqe2NA/NdsaxYUGJWL8y+pwTPCF4VeHewrmCIaJoHAxrxPErSUozBgN4/IEJGrguuG18lXvXMFODM4OyAlcUVdF6tqxDSNA8GKljzuA+bLgXRAe7d65OZYPo5Wb44eHbwe8GTghcE3MC+MxgimubHwPoFa36cT1Ui1pLePoH0s1KI04MHBQ8PzgheGpjzilg5N5tNZWBeDFSw5nU/Nl0aQsTKMq5KjIqFdW4yfUMwTB3DEstmUxmYHwMVrPndk5aoDJSBXRioYO1CTHcvkYGWee0MVLDWfodbvzKwIgYqWCu6ma1KGVg7AxWstd/h1q8MrIiB4wRrRbVqVcpAGVglAxWsVd7WVqoMrJOBCtY672trVQZWyUAFa5W3dc9K9YQysEgGKliLvG0tdBnYTgYqWNt531vrMrBIBipYi7xtLXQZOHUG1nRmBWtNd7N1KQMrZ6CCtfIb3OqVgTUxUMFa091sXcrAyhmoYO1xg3u4DJSB+TBQwZrPvWhJykAZ2IOBCtYeBPVwGSgD82GggjWfe9GSTM1A8589AxWs2d+iFrAMlIGBgQrWwESXZaAMzJ6BCtbsb1ELWAbKwMDA/wMAAP//UCCuuAAAAAZJREFUAwAzIvZpGb0xaAAAAABJRU5ErkJggg==', 'data:image/png;base64,iVBORw0KGgoAAAANSUhEUgAAASwAAACWCAYAAABkW7XSAAAQAElEQVR4AezdA5QsXZYF4Bzbnh7b6rF7bNu2bdueHtu2jTW2bdvu2d+/3q2Vr14WExGRuWvFWaHLfePuPOfcE1EPvupfESgCRWAhCJSwFjJQbWYRKAKrVQmrT0ERKAKLQaCEtZih2r6hLaEILB2BEtbSR7DtLwInhEAJ64QGu10tAktHoIS19BFs+4vAJgSO9FoJ60gHtt0qAseIQAnrGEe1fSoCR4pACetIB7bdKgLHiEAJa9Oo9loRKAKzRKCENcthaaOKQBHYhEAJaxMqvVYEisAsEShhzXJY2qjDIdCaloRACWtJo9W2FoETR6CEdeIPQLtfBJaEQAlrSaPVthaBE0dgS8I6cfTa/SJQBA6KQAnroHC3siJQBLZBoIS1DXrNWwSKwEERKGEdFO5FV9bGF4HJEShhTT4EbUARKALXRaCEdV2kmq4IFIHJEShhTT4EbUARmB8Cc21RCWuuI9N2FYEicA8CJax7IOmFIlAE5opACWuuI9N2FYEicA8CJax7INn+QksoAkVgPwiUsPaDa0stAkVgDwiUsPYAaossAkVgPwiUsPaDa0s9FQTaz4MiUMI6KNytrAgUgW0QKGFtg17zFoEicFAESlgHhbuVFYEisA0C0xLWNi1v3iJQBE4OgRLWyQ15O1wElotACWu5Y9eWF4GTQ6CEdXJDPlWHW28R2B6BEtb2GLaEIlAEDoRACetAQLeaIlAEtkeghLU9hi2hCBSBuxHY21kJa2/QtuAiUAR2jUAJa9eItrwiUAT2hkAJa2/QtuAiUAR2jUAJa9eIbl9eSygCReACBEpYFwDTyyeLgDnx0On9o0YeL/JEkSeIPErEdfdz2G0KBAr+FKi3zrkiYD48bBp3v8hzRl4h8rqRV488W+SxIiWtgDDVZoCmqrv1FoG5IYCMHiONepbIy0ReI/JqkZePPEfkcSMPFzFvSA6325r7ZggU9Jvh1dTHiwCyokHRpF4k3Xz+yNNFmINI7JFyLM1DZN95ExCm2Ar8FKi3zjkhYA7Qmh47jbp/hDb1Qtk/WQRJ/W/2fxP588g/Rv4z8j+R/4t0OzACBuvAVba6IjAbBDz/D5/WDJ/VS+f4BSJPGnmEyIMifx/51chvRhAXwipZBYwpNgM2Rb07qbOFFIEtEPDsIyt+KWbgS6WsF4wwAWlc7v93zv828vsRGta/ZU+7yq7bFAgYlCnqbZ1FYEoEHjKVM/eELFgNfPGc06ycWyU0L2hR/5rrfxH5k8g/R5CV6znsNgUCBmaKeltnEZgKAWT1yKn8qSIvHHnZCM3qibMfmhVT8D9yzgT8w+z/OIK8EFYOu02FQAlrKuRb780Q2E1qz7sA0KdMcRzrfFZWA4dm9WC5jqwQE9/V7+b8NyI1BwPCHDYDOId27KsN+rcufl0tTZ8X18lIu6/2XLdc7dAePpZHTyZOYY7gJ8+xvXPXh/mSy90uQWDg+YhJ87QR/iryrDm2Ouh5yOF9G8Liq2IG/kqu/FbE6iASy2G3KREwkFPWf526TVwT06sSHKRPmEzU9yfJ3uQdYhnahH6KXPcL+tTZP01ELM0zZP/MEcvWz53980X4LIjj5805X4b70sqnDOWty6jror12DdHO84Jozos0HL3juvz6IHjxxdKu14+8c+QDIh8Sef/IO0VEYDNpmDbyIzAEB68ljGu6sPcNDvBAVHAW/PmKqZUZ+PTZMw2zWyEjvinyX7nAFPy17H8u8geRf4lIk123KREwoFPWf1XdfvlMRA+X+Ji3S4b3jZi4H5r9kA/PMfmI7D8q8tER+4+8s3c8RBoy0o80H5O0Q+Qn7kk79h+WNMQ1ogxtsHfu+IOSBrmQ98sxcazd5L1zbYh7rtm7Zo+QPjhp9FG+d8vxW0ReO+IVEfs3z7Hr7hME5t6z57r33x4m+7mPbZq41w1RIXA/BDSpV0ltbx9BWH7cPFs0qX/ItX+PICukxBT87Zz/cuT3Is7dy2G3wyBwcS1zfqg9cH4BaTM0iddLN94s8gYRk/a1sn/NO2KyeoXiVXP+ShHvgCE4v6RU/5fMNdoK5+rz5Jg25dfWBLd/rlxz3X0rRvIpw0OuzLH3qgZRF1GvNtg71y6aD61IO98o5ZJx/CY5f9M7oi/O3zjnxLm9vOp8iVw30Uw4GoIJBhNkBBdalX5om/Llk4fG5b60KeIkN1g9WnrO/DPunh34PCDXHj8ilupPs/+jyDohCWP4s1xDVkxBIQ00rhJWQJnDNmfC0javQVi58fARE9eENRk3ifSbRFk3kU1luLapzvPXHioDS0yaddFuwrwljjfdd01+7TVR/PozUaxWcQLbO3edv0VauHithD/Gcr0y0oyT3PQdyTPzEb8fED9atCpj9ddB5WciPx9BVmMcYGklUMwVc9DK4AhlSNJuc0DApJhDOza1gXpuUv5Vblqp8atHVfcL6JdvXf4uaTx81Pt/yrEHzX6Ic34IJoDl6otEfdIQD698ylCu8oljTlj3lCkdkVe5fpH9UnulA+GYCCTNunSTRnr5lKH830mOr40wQ989e76s98ie+fkV2f9SBA7aq86cruY8ptq3D9FnZESz5AOkadLAXy6V8UkidGP3Qzn/ssh3RTxXTEb35Ic5MvOjMDQv15K021wQMFBzacv5dpi8CIEf4dtz06RlXjG9XjnnTL8h/BKO7Yc4J86lZ7a9TvL5xfUwu8bs2yQedDLuKUNZzpma9kPcG6J9fEufkHoQyg9mj1RoRX+ZY2SH3JgkCFkfERXJ7ZVldWNCTEBL8BYNmMRMG2arxQYTyesi359MtAVlI8wHrVYr+YgycvuoN32kUQ2iEqrAtDbGNCwaJ1z82H1lkPj4yDdG/OC4RyulYRkLAaKwJH4oEJzrxihZus0BAQM+h3Zc1AYPC62FBkVV/8Uk/MnIj26QH841giR+IMdDnH9fzr8z8m2Rb458S8T592S/Lt+bc2nllY/4VVYuGfU6dk866Ylyvi75Py/CwU8TMnn4tfiZkBrSQ2oc7J+VdN8dMZn4U0wik2toSibS4+S+10aQI38XDet9ck1+jnhfFaBRMJd9UYBfC6FxvCM7k9kYk2Q7mk1/kDLtSH8RFXzeJT2ErxVhZjdcaVOfkeufG/mpiB8HmFk1ZD47R06/kHvG0w+Mcz8Knr9c7jYXBAz8XNpyiHb4xST7ehCVzTyjSQk2RLK/no7xlyBa5OcXHllZTXyr3ENoiIzm+A45p519U/byiAVCZCZPLq0QEG2C41jYhtAHIRiIzTVOepqhMpEcjYwTniYhn0lsoht3osyliXYz5RAOLYq2/DbpxBtGLEIgapq5H7evz7UvjyAiWi5z26qzvEheWX4k+Kt+Oul+NsLlYAz39Yykim63RcCA3TZv890OgUFqHOcmEQeviYLM+FdoZ8I3TESR2D4kZzIKneDPYrIgMpPSBNQK40gjE6eGpKxECrH4pNyU712zV4ayrIgiMSRHQ1kSiSFbxCvMhdaK8K2Q6vNjpo+Inan8NTl+YOSrIvDi58vhygKOfiN3pCc9U9CPA+0LcdHol0JW+nRS4kE/qQ7PuLOIzGShUZlEnL/I7CfSZhoX8hFvZYmevOed6xzENAL5TTR+MORFq2Ia0d7k4wNUBkFi75j8yhHyIbxD+Ajtw0RGDHN6NrQHUdGMhlYlvEQQMAJiRsOLRiWO7ZPTN2a6oE/Y5PQ+soIJzVRflTfMQUTlB2T4FqWvzBCBOT2UM4RnNk2iCSAyk8rqFh+LxiEY321ynymD3Pjmfjw3aWEI0KQcE56PSzQ/EqN1cUJ/ZtKa4AJYERh/EA2MT2xd+0qyg26eTSawNxxE/r9oaqc5ajfz2ZsIubTiIOc7FGxLO+VfREBWWeGiHL4qvi5vNSBxfROmQkuVlqYLU+mVWZkpAgZzpk1rs84hYKwQjwlMQzDxvDZEU5DUwoRXSb4wJ7QnJpMJ/sU5906c+ybk0MKURZvioKdhIasPTNqPjfCvcV5bneQjY2ryDUmPxAgtDqEQZWkfSfatNmUonzb0jCnJYoXFBm1jKnudiv8JeVsl/dSk+ZQIouYzREK0zVy6z+eHrLzcLCiYma2v+gIHYQwCRK1EIzh5KjNGwMMx4+bttWlLK9xY8TnRksQWMW1MPNdNUpNVvBqNg3nE6cyXY+VMKIbgSauWJjd/Gc2CucQPxowUgIoMhVEI+WBaIQNaizKswgkXEBpCmGTSCbfwtgCtDMkgNdqLdt0EY+mRHwLWN1qgEBGan3q1S9nabCWPPw85WwVEOjAYRKXeUZ428XkhOosSfF3uSQ8DWNFaaaNITN7KTBEwcDNtWpu1hoBxonWIHTJxaQm0KxNYMr4XK5PEhDZxTT5715g8HPtikbyvKCZNSISVRNqUSc/fI0ZMPoRDM2GKcdQjLOaj1U3hAQRZfGkq/+oI57Z7wi1odlYvhQ4gBybrZRqYe/qBWGhzTD+vKAnbEADKb5UqVkxcPipaFs3x43JRaInV2KE55tLZBjN10w71g5alHv3jhOcftDLISe8cVmeZezBPBAzqPFvWVq0jYJyYYAiL9oGs+K8Qi4lGQ2DWIB2+GE5oE3O9DOfSIjTmFE2MpiWMwnt2tCWmpDAAmtogL9rXJtEmZIMUkAoNRngBDc5qJ+c+U46mxFFOA0NgtET5CBLmT6KhMUG9ZC7/W6bhzEEaF9+cGDd+NhH+SMv31ddN3CS/a5NPPUiKz064gzaqU7+YyMxJPj+xWtWu7oJvviceuvm2ri0bCBgnxEALMcEdIyskZAIiKmaRiHfniGnkvWwv3SAwZtYXJbFYMH4jL3UjD5rZIAcO/CTZuCE1ZiX/ElKlvb1XUn5+BMl8SfbMTBoUwkUgQiyYmrQ+K5nu0YiSdKVP37BarXy1gub2BTlGNNqr3zm9cBO+wCn/gKQQGnL/7LWLJkZTExMnjIEZzXcFhyTpNncETIS5t/HU22eMhibCzBJDhLD4npgyiIamQOugXZl8V03oTZjKIy8T0jub3goQOsHx7qsHnPxIiBb0IykAOSKAy0hM22k7tEH+IzFTfGI+40NjYlqK3FcH7Uv9tDv3aGveFvCKEzL2Tqc2pupLN1hZERTyQOtjQvPNIVQrrTRR5TElr0N+l1bWm4dFwAN12Bpb220QYA5azTMRxR0hAX4rGoJ4I74Y8VgmNRK5TR2b8iiLc5rJiUi+NYloQxz4tCMR9TQo/iDpLiIUZEEj5FDnp0J8FgL4lviVRJsrA4HxUfGXCU8Qj6YNF5Wb5ty1wYUm5bPHPhHEHESWyB0+NEhlwwxh1RS8C775n5Sw5j9GJiEzkBlFTEjjZpLTFrwDx8+DwA7RG+RBM+HI95oRE5KfSiS9d/ZofJeR12gjzUyblWM1ExH6aCLtTbgBohppr7OHE5OZRmVRwudk+LGQFZ8dnJAgYqSZlqyug+rM0njwr2xSE0yGgPHhKB7Odiah1TsaC22K6eZdxTEBx4RfDgAAC1RJREFUmVSHbOwgL+1AXoI6mWE0G458q5I0G8SEoNbbpg98XkxBJCOP+DIal36vp73sWFp5EBS/G58X7Y3prE710wy9lM5vxR93aJwua3/v3QABg32D5E16QASMDX8MU5D/x6oZ7YrGwH/k/TdawyAr5HHA5p1VpZ1MVsQjnIGmxezihxKRzrnuPoI6y3TnQF4OcqaulTykNUzeO0ku3MmLqJQvFozPSyiEFUc+K2TFpORgtyIofAHJX1hgb8wfAYM+/1aebgtpVxzsTEL+H5OeOUZr8Fka5tRUpg0TDEnxF9GsrOIx7TjU+Y/c83xpn3b6lI5QB/f5kJCu8At9YroJQRD6gKARkfIvGnm4wGOsRr51EvKn8Ym5p1zhCjQqZCWIFrFPReppXrddIOCB2kU5LWO3CBgXWgmiYuowBU1iE46WgLCYYXw9zBvXd9OCy0vRLuSiPUjJip93EYUdeImatqPdtECmF+1GaIT4LjFZyIqTnnPdt8cGaSEZBMdHR0Twu7apNa7TNK0CWnUUZOodQc515IcgrZh6YVw8GMJCmK4fCqdN7e61HSDgAdxBMS1ixwgYFxOTv0pcEjMJYVlpQwYc7jQtmsS+JyFNB5k8U/roXTyBpt+RY+8oCvYU8kALZIKJaeLUFnOFpASAMg8FflrR1F4m4OjLaDui4c9ChgTpwYCkqrNNWzjWvaDt9SDf/rLqqEzELcbKSqCvUSBFL4Fb4XTvrJAeLBeB8w/EcntyfC03NgjKZDRREZhzk9mkJo6l20XvlUP4zWgwtCgR6gI6OawFcX5OKvJaDJJSP6JBnFYrfcUVUSAqX04QLGpBAInRFP03Iv+SDKHQuryLODQy5XDM08qYbspEzKnubIOBdvFzISrfwELk8tI6+fNoVDQ4H+xDkFYrS1ZnEC7/wAO6/F4cdw9oJSadiYmwEAqnMhJAZtuMIRLkC6LF0VSQijCFzw6k3i+kSfmOFoIYK3jaoT3IhY8IQXgf0QcDvV/4Y8nrpWKkMzQoZIPgEA5zz7lyknQlDWJhtvHLMXURkH67r436q33a4X8yaqdVQHgIdPWVCgGm3mtEktomLELZyqhsRGB5F7d52JfX2+W0GCEw+5gzorJpCzQV42Xy0nBEh/PdcDT7ggNtg8N6iAlNg6Ep8YNJx6lt4jPvOMu9BI2QOMsRlO9K0ZL8eywObWTGVEMuJr/XfnzdQHrakkh4Jh/tyiqceKdNviL9cR0x6Ye+EcQiH38TkkQ4/E8IS32IjQlIm7IC6CVsZCXMgwnKBGRuMk9F5sNqnSiXM+Jt6bUQMAGulbCJDo6ASW5y01aYXEwlk5Smgny8rOzbVUwv8U40DHvn4o6syjGNBGLy5dCGvBcoHEJkvHt8TSLLER/S44ui0SAodTHLkBQnv/Q+N+NVGs52dXklSPu88rJJo0E6rnOua8enB0WfjHnb7H3e2OduHHvdxz8HoV0htdy+71tWyMo/4UBSCFb4AzMYNsqkWVlx9BlkwbNIUZ3yV44QgRLWfAfVxDMBaS20GqSBwFw3biYus5DGxNdE4xK06ZUZcVuCMa240bJoX8wxZMekpLkgJiYVciKDoNRJs+MTQoK+kOB/IiKqTwtcNDGv6XhvERlpTy5fuLmvTIQrH+LzLStamn/fhvT0T3nSSa9t+qYfiNknbpC0PjMVhSwgYR/tk585SWOT98KG9MbyEfDgL78Xk/TgIJXSJGg4tAdfL0BeJjVyGQ1ANhfJSHN+L7/JPcpnWtG6kIjvTPnKAk2IX8pqG3OLZub9O+badYjqfJ2jPnn1gTjWBveIPJ5JpqiP7vnagvCF++UGEoOFVUhR9cxH/3aNhqeskT9J79qUJy+560ZPloeAwVxeq0+nxSahyWhSMudoPUjDNaRzFRLSEOXQTEx4+ZEP01E0uk8P06CIY2Yf4kIGvpmFJPmFBrFcVec29z2PNEA+Khoi7ZFmqA80NHFdVhl9MNAxTQsW+rder7AJ5iQN01cmRNGLgOeXU7b76iLr+Xo8cwQ6YDMfoDQPUQgQ5YOi6Qi4pGWYwEIB+JkIbYX/x3UTmaOeCUZz4s/ir+Ig5ywX6ImcaFNCFfiPmFaDoJSjPERA0oyDbJ5H5iqyYQJaOHCun/qEtJmP2mTxwQKDCHnfvvLZaOYwf5dgUu8U+gqqr6IKdxCJ/4nphbAMiw6IUH251G0pCHTAljFStAiakS+EionipOb45lMSVuAah7avHSCkYdIx62hOCMpqoDRMKV8tsKLGV8XEo0FNQVDr6HsWaVeCVK1mIiHEJXQDafHD+awzXxotENFaWSTCKWiFTEX+MUSMmJiUVlSRmtVSWhtTExHy51kBVe96OzYd99pMEOhgzWQgrtEMpEV7EgbA2YykrBLyM9EmEBhColEw9zi0vZZCc/KlTo7pQVDKornRVK5R9cGSeB75mqxWivJHVkjMscUDn42hRRGrhgjMV0r5uZh74sn4v+QZZDT8ezqBlJEz85hWytR0vbIQBDwgC2lqmxkEEMyYdAImLe3zbzGXkJGVtqExISUi/RzJKd25Z9NO5p++idHSfn2WEPF4Xi8S96U7L/IrEz5MSgSOvOGkPvfP5+n5TBEw+DNtWpt1YgggDuSKdGmR4rYsMiBlhOP+dTUi6WhQtCmfmEFUzEWxY8xqK67uIawTg3nZ3T0EYS0bobb+kAggELFmAkgtMFgoQDS0IgsCtCSERjuy4kkDQ2ZMPILwxGNZpEB6YsaYzj5rY893R7uyqKCuQ/atde0AgRLWDkBsETtFgGaEkBCU12441y0m8NH5PI2vRXh5mrPdyh+fnVVA/57M3jX3LUzw8SEqq6RWTEXkIyra2k4b3cIOg0AJ6zA4t5abIYBQaE8WGRANzch7jlYDH5iirI5aCURKFh18HWIIYkNmXk9iCvLxIUDal3KTvdtSEShhLXXkZtruHTcLwSAa/iakwxEvkJVfS/Q/MmLi8UmJO3PsGpOQ2SevMnbcrBY3FQIlrKmQb71FoAjcGIES1o0ha4YiUASmQqCENRXyrbcILB2BCdpfwpoA9FZZBIrA7RAoYd0Ot+YqAkVgAgRKWBOA3iqLQBG4HQIlrNvhtn2ullAEisCNEShh3RiyZigCRWAqBEpYUyHfeotAEbgxAiWsG0PWDEXgpgg0/a4QKGHtCsmWUwSKwN4RKGHtHeJWUASKwK4QKGHtCsmWUwSKwN4RWABh7R2DVlAEisBCEChhLWSg2swiUARWqxJWn4IiUAQWg0AJazFDdRINbSeLwKUIlLAuhac3i0ARmBMCJaw5jUbbUgSKwKUIlLAuhac3i0AR2BcCtym3hHUb1JqnCBSBSRAoYU0CeystAkXgNgiUsG6DWvMUgSIwCQIlrElg377SllAEThGBEtYpjnr7XAQWikAJa6ED12YXgVNEoIR1iqPePi8Lgbb2DIES1hkUPSgCRWDuCJSw5j5CbV8RKAJnCJSwzqDoQREoAnNH4PgJa+4j0PYVgSJwbQRKWNeGqgmLQBGYGoES1tQj0PqLQBG4NgIlrGtD1YTzR6AtPHYESljHPsLtXxE4IgRKWEc0mO1KETh2BEpYxz7C7V8ROCIE1gjriHrVrhSBInCUCJSwjnJY26kicJwIlLCOc1zbqyJwlAiUsI5yWK/sVBMUgUUiUMJa5LC10UXgNBEoYZ3muLfXRWCRCJSwFjlsbXQRuD4Cx5SyhHVMo9m+FIEjR6CEdeQD3O4VgWNCoIR1TKPZvhSBI0eghHXFAPd2ESgC80GghDWfsWhLikARuAKBEtYVAPV2ESgC80GghDWfsWhLpkag9c8egRLW7IeoDSwCRWAgUMIaSHRfBIrA7BEoYc1+iNrAIlAEBgL/DwAA//9X4qUxAAAABklEQVQDAJIGQ3ggLNs7AAAAAElFTkSuQmCC'),
(13, 'WO-2025-NOV-00002', 7, 1, 'Pending', 'armando mendez rios rios', 'chilpancingo de los bravo', '7471228268', 'Particular editado', '2025-11-06', 16, NULL, 0.00, '', '', '0000-00-00 00:00:00', '0000-00-00 00:00:00', 0.00, NULL, 0, 0, 'Elemr Hernandez', '', '2025-11-06 19:13:56', '2025-11-06 19:23:54', 0, 'Trabajo a realizar....', 'data:image/png;base64,iVBORw0KGgoAAAANSUhEUgAAAXUAAACUCAYAAABskrlbAAAQAElEQVR4AezdCdx2aT0H8MdOtmwRlUhItqaQJEYqS1KUFpRJVKPN3qKIVAih7IORklKDQopSyVIppEgR2cpWsu9+35n3TDPvzDvv8zzvue+z/Z7P9X+us93X8jv3/Tv/63/9r/95y4P+FYEiUASKwGoQKKmv5la2I0WgCBSBg4OSer8FRaAIjItAS5sUgZL6pPC38iJQBIrAuAiU1MfFs6UVgSJQBCZFoKQ+KfytfDcItNQisF0ESurbvffteREoAitEoKS+wpvaLhWBIrBdBErqu7n3LbUIFIEiMAkCJfVJYG+lRaAIFIHdIFBS3w2uLbUIFIEiMC4ChyytpH5IoHpZESgCRWAJCJTUl3CX2sYiUASKwCERKKkfEqheVgSKQBFYAgIl9SXcpbaxCBSBInBIBErqhwSqlxWBIlAEloBASX0Jd6ltHBBoXgSKwGkQKKmfBqCeLgJFoAgsCYGS+pLuVttaBIpAETgNAiX10wB08unuF4EiUATmjEBJfc53p20rAkWgCBwRgZL6EQHr5UWgCBSBcREYt7SS+rh4trQiUASKwKQIlNQnhb+VF4EiUATGRaCkPi6eLa0ILBGBtnlFCJTUV3Qz25UiUASKQEm934EiUASKwIoQKKmv6GYuuSttexEoAuMgUFIfB8eWUgSKQBGYBQIl9VnchjaiCBSBIjAOAiX1AcfmRaAIFIEVIFBSX8FNbBeKQBEoAgMCJfUBieZFoAgUgXERmKS0kvoksLfSIlAEisBuECip7wbXlloEikARmASBkvoksLfSIrAfBFrL9hAoqW/vnrfHRaAIrBiBkvqKb267VgSKwPYQKKlv757vt8etrQgUgb0iUFLfK9ytrAgUgSKwWwRK6rvFt6UXgSJQBPaKwAZIfa94trIiUASKwKQIlNQnhb+VF4EiUATGRaCkPi6eLW0cBN46xbxX5CMinxi5VeQOkdtHbhm5SeSGkRtFPinyKSfk7OSOfUzyj4xcLfJWkaYiMCoCcy6spD7nu7PNtr1tuo2Q75T8ayMPinxd5MGXEMcemH1i2znXEMeIz94v19wxcuvIzSMI/0OSe2gkayoC60OgpL6+e7r0Hn18OvDFkS+N0NA/Ofn1I9eJfFjENu38U7N904jtT0h+4xPi2C2y/VmRO0ceEEH6BNl/ZfZp/Ej+Btm+eqQkHxCa1oFASX0d93HpvUCq75NOMK3cO/lnR2jU75z87SLSf+fff0Uk2vw7ZMM5n2Vikb9Njr19xDmfZcLxMPjoHGOuQfi3zTZyf8iJXH1MO0w4zDauf/+cu0rkLSLzTG1VETgFAiX1UwDTw3tFgO2biQTR0sCvmtoR6r8l/+vI70eeFXlG5LcifxZ5beQVkd+J/F7k5ZE/iPxJ5K8i/xD5l8j/RJSF9BH+u2UfcX9ccho9bf7+2abJM98w29DmkT2N/j1zrqkILAaBkvpibtVqG3rl9Iz55JzkTCvvmlz6y/x7auTukftGkO7XJ//qyD0ijiNednNynxy7V+SeEcfZ2r8n28+P/GHEw+FNyf89IiH5K2XjvSPMOtpws2x7uLDnMwGpk9aew01FYBkIlNSXcZ9m2MrRmnS9lPRpEZ4uvo//m20k/MTk3xV5euRXIy+J0Mp/PfkvRWjtz0mOtJ+b3DZ5ZrZ/LvL4yGMiNO9zk39ZxEjgCclp9H+XHMn/U3IjAho9M847Zv/dI8j+msmZeJI1FYFlIOBHtIyWtpVrRICWziOFKYRpRB//NP/Oi3xv5Hcj/xc5amJ/R9a0/Rflwx4KT0t+fuSREQT/Fcm/JsLk8u3JHxcxMnhecqTPjHNBtpF/sqYisAwESurLuE9rbSVzC0LngcLujcBp6L+QDiP3/0w+VkL0b0xhr4rQ7J+SnNb+48k9QJD9Q7P9VRGeN8wv35TtP480FYHFILBkUl8MyG3o5SKAxHmkfFDO0tKZP/4x28wqr0m+y+Th8a+pgDaP6F+XbZo5s89Ls/2CCI39lcmZZpI1FYFlIFBSX8Z9WlsrETr3Q5r6+53o3D8n/7UIz5X/SN5UBIrAMRAoqR8DtH7kjBHgR853/ANT0jtFTI5yUzSpyQ6eQ01FYAIEVlBlSX0FN3GBXXiPtNlkJS3dd5AXyqtzjN/54HKY3aYiUASOioAf1FE/0+uLwJkiwPRyjRQyuAv+TbYtIErWVASKwJkgUFI/E/T62TNBgMll+DzPlNrRL0Sj//aEgDUJVhd/cOrjVisaqDhDYghZO+G4MBMUkFyynFRSX869WlNLebq8IR1C5skOaOzvYqNSBHaIAL4zh2M+RziKu6WuR0S4tD72RG7BmkVvD8++lcoCw3G7Nf8j5lAOzzvp5Lxb2NatEQF2c+YWboX6Z8m+yVPblSIwNgK0cgvdrFq+Swp/dARxW4A2rGa+bo59aMQ1XG0/PdvCUTwq+fdFhKj4jOQ0+Fl/V0vquUtNl0JgHzvV1PeBcuvgOkvDFp75SwLHwyLi+QjvjJxFBhX/x3U5dWGyTclwXLgIoSLE979NziJ4ImyzKJ6z5M9ZNirgNa0bAZo6T5dhYY8fkQVI6+51e7cvBBAyMmYf/9ZUyrwiJASTi5g+gxnFimVhIIwahZJ4Ya4VIsJaCd9NoZ4tVMOTQjl7QAj6xjQjcJxAcENZ+eg8ksbOoyVtxZYQ8IMRnEtoXP0WRMuklO1KETguArRsk5806W9JIUJAMJlcO9tCKFMcTNBb6PbbOeYaL2IRv59Z5nY59pkRmr3Y+l+Q7R+KvCzCVKh8ZYj1zzRD6xeH3/d3Nlw6m4YEtItTN1aPAO0HsZsotU3boQmZMPXDWT0A7eDoCPjeiMsvbo/4+CY4hU1m/3aO1m2B24+kZl4uQiwL5Cbgm+N/kePi/Ig59MfZNpIU7VMIZ6GYRfj82xxnOmSjp/F7qYuRwOfkuP1Z8OksGhFAmraFACJH6GK9MMX4kViQ5MeG3LeFRnt7pgj4/ojDb+JTILazUuBA5r5fAsRZ7GZS1Kplo0Qrl33/fA9z+WWS76jP/n3OMMkI/qaM38y+zyU7YObxwhXEbmKVnd3xSaWkPin8m63cD8aPyRuNLDwChEkrL8AYVpk6VikCp0PAKO9auYj74ecmZ/fmW85cgryZR+5ycHDwEzn3RxFvxKJtZ/PQicnm9bla+ObPS+6FLGL6Mx+aD6Kl0+aZbDxgcsl0qaQ+HfZbr9kP5TcCgqEvkmeX9Pahj8oxXgfJmorAFSJAG+fJQhnwCkIKAVML8vbWK/Zx5hXaNnOf79wVFngFJ32W5u4NWk/Kdd8d+fmIB4Q6fW8tYhJ1NIenSyX16bBvzQcH3jcq1C1bpe+iSSgeCh8QcPxQkjUVgctFgIbOzfCBOfv5EYuKkh14sQrCFQufF4sRoeNjCQUEuf9yCvR2LSGbET7zoVEBE6Lvck5PkyatfJout9YZIcCu6YUVPBH8MDTNEPrsbDDHJFtNakfGRYCHC48Vnio0dt8f5hFa+w+nKqaRZDtLJl69WtGbs5A8JYSHzVVTown/ZNOkkvo0uLfWixDwQxRD3btF2UAdNeF1h2zwTmCvzGZTEbgYATZrbovIG6EjUL7mP5orvLWKkrCvOELMOkYG6qPB41PtI2nONEkjpqm5tRaBixDwg2SGMZx1hMZjUQdvgps4UCkCJxDwkLeU/8nZF7+FCUbIZr7k984xppCxzS0p9pQJkVNGLF7i+858yHtL7nt8yg/u8kRJfZfozqzsmTbHD4O2zjb67LTRK+ZoXwidC5kJ1H5PA8zGk++AiXRL/dmtBYDjOfX04GLF6JlOhKaYM06+ywqZjNBVDih5pQhMiQAzjPeD3iKN4OZI2/Kj5W98bo6ZhErWtFEE8JQJdN8FC36YN9ixfyx4CLZl4VA29560ywQtzxe5OSI+7Sb+B4KfpFF7r7QVFoHLQcCPAJnzKEDsLrEiUHQ8k6aTaj8aU5kMAbHOjdouOc/Cu4XZhfviVA0zYhCKgMmFXf0laciLI5MmT5r9NaA1FYHTI/DUXGKyy9AakfNs8OMVSMl+TjdtBAH85P7fN/1FoGzotGErR8/LMcv5k02SjB7N/YjgaOTAni8oGE+uSRo0VAq0Ybt5EZgDAhZ3cE3zA+E25jtqpZ7l3zdNA0vsAWEDyX22OtQCH6YX5jhxWZ6YvvNDt8Izm5MkbRMoTMAvk7e+p0IFPGuS1pxUqR/MSYe6WwQmR8DybqT+mrSEWcb3VIAmxO4tNDnctGIE3G9+6I9LH7ktMm+8LtsCbH1ncqs4k12YpvhnFStS90IN7eKrbpKfi+MU7blUncC71IHuFIEZICA+xwVpxzdGaGQ0IcNwbo78k4XpNeTN6aaVIYCTjMjOSb+M0OzziGK7NilqJJdTkyRt4SN/+9SO2BG6mDLfn32TtRSQbE6bNHLaFrT2InBZBPw42NRF17trTpuAskLQEJyHDPOMmNaGvjndtCIEPjx9sfjMAxw/8XIRIpeni0lRnlK5ZK9JO/ieCxzG/HPn1E6p4E7ptXh81H1nc3j6pLHTt6ItKAKXRcCP5I05/CsRP+rnJ6ex8Vunwf1U9ml0yaZNrX0UBHDRlVPSF0XEUOEiKHbLN2cfob8y+b4Jne3cCJGZxToKi+RM2Aq9a+TwA2kTbX3f7Uq1p06APPXZnikC0yKA2L1yjC3V5NgvpjlW8PmxichnKCzMag43LRwB9/Je6YMXTlwjueidHtw0YS+v2Ddx0sS50noN3vlpjxAE2kDJMLfjrUnWVjiW0/NJJfX53Iu25NQI8AE2EcWNjUkGqYsR4zVkVp7aP/Wne2buCFhBLDKntxa9bxrLbs60IXwu08Y+iROZGyV4MbW3JAk/YL2El2M8IG3zAmujxjdle5/tSnWHSyX1w+E076u20TrELngSFzfaul5/bP6ZsPKSgmw2LRABhO6NRMwZRl8WoHkBxU+mL7R1o7Vs7jxRDJj2xJTxdiTEzfPmDan5ByM0dpOiTEJGjzk0z1RSn+d9aasuHwHBv16YUxYo0ZSumW2hetlhhTylZeVQ00IQwD9Wi94x7aUZJzsQHAupW8SzD0LXBpOgHih3TwOY+Wjn5m8EmbPwiQ86N1vxZfbRpjTj+EmHjv/pfrII7BcBw10rCmlMFqLQmExiWWFo1anVfSa29tuq1nZcBKzKZD5D7DR0k6GW/z8jBbq3yXaakDnTijUQYrB7exJ7/jNT690iyJ3Zj/+59uXQ/NNIpD7/jraFq0GABuU1eOJn0+r8+L2cgKsjsvcKM4tVVtPhlXbEqIr3ksiLXl9oyb+XXlh0ZhS2y26bXDcJisxp4bxrBOUyOjAB+g2pXDuYf7hUZnc5qaS+nHvVll6EAG0dsfMXpp378XEx47N+nVzCS8HrzRB9v98BZIYJqZoYtcyeeyo7Nc+ml6Wt1iMkGz15iLCZXz0l3zjCzPLo5OzmRghcJ60MZdvn1TL1qtU07XipX/rj4dZPTYsAjvd32wAADBRJREFUu6bwpl4A7If5lDTHKlTHkcSXZ98P1KSXIT4SyaGmmSDAu+QL05brRmjCJiWNvKwczqGL0kj/cZyRm5drWAlq9ecTUjaTjzAUFIN7ZB+Zvzy5UQLFIZvLTDq8zJa31VtHAIH7ASKExwQMHgrDQpBrZ/+eEf7t7KI3zPZVIiX3gDBxoi0bURlNCffA5MGjibY8lnZMK/fgMJHuwW5E8PD0m73eSuQXZduCNi6KlAL7vktj1Z/ip0sl9emwb83jIMAjgYbl7Tc/kyK9pIB5hjmGz7MfLn/j++ccckck/d4HjAmS0LnuwSNSNzPIa5N78IpuOMZEpPtqEZPJc6EGPOyV/+DUI+IjUx3XRC6LJka9ONqIj4KQS9aRgLCOnrQXW0bAsJ1d9jsCgih+Fq6Ib23hCnIXs8PCFnZULmr82/m2I5l85BSph8dEwChJXBfRDeHPxPGzqeB5EeEgkh0r0crFBHKPPTAsDjLZKRgckws/cyMBxx6aGtTpwa/OVWjm6dOlUkn9UnB0Z8EI+IEicvZ1Q+tvS19o7uymFitxdeTyyG3tp3OOG6RJMto8Ysihph0hgGfYz3m38ElH6FZoWh386mPWqUyxYgatXDgBtnJvSPLAppUbpd0v5T8yYm2DgGC+J9ldbwLMenvXnm0NAcNotlGujrxjeDTQ3A3vuczxrLCCEZHfJ+DQ7A3HeUPwV3Yuh5tGRMAD03yGiVEuhCYtrQz2mkILeqwUPkp17pGFSjfKhzwkuB+aFDeP4jWI3FoH+7mHt1gt7r0Hez6y/lRSn/U9buOOiQD7LHKnmfmRs+HS5JhlaO7MMswBXkfGLMNP+UGpi6+7YTziyW7TCAgYIYnR4+1FVv2+ImWKiy7iobmP7J424Sm2cpOczDdGYrxVxNbnGvmClOAh8ZDk4sWwozOxeMjn0LYSsLbV4/Z2Swj4UfNh52Hx+HScSQYh+NHztkAqyJ2WTutDCOyut8m1CN8w3vnsrj6Ze+AxQqu2PUaH2brZz3kg0a7FyDc5KQyAeZDT1YGfPGCvnwvFMGdGMfJicnHvmFhMkBuRiego7j4PKG6S+cg2E9C22fP2eksIsKOaGGOWQe6G5zwjTJq9NECYZE12cLX8E0vGJJsHALdIqx55TnDFy+lVpsGkIezt0GckjJSP22FL8L16EOEyjSiHdm6RkTUF7OqOnSzMNdYWeKjS7u+UC9wv5jJtcr/cO2YXJM/MxuziAZ5Lm05H6kWoCKwJAeROczc0FwUQKdDMH5tO0iDF7XYNd7ub5xh7O+3dhBsTwlk5xoSwNu3dSMXCHGYq7n5e/oA0+ZJ7KcQN0m9mjislP0xy3fVy4S0jMIOXWD00axOkzGM5dXEyMjDpyTvGQ1SANj7lzDQmOp0TGsL+w/IpaxKMtpC5+5lDTQMCJfUBieZbQoBWR3NH7kwBA4nJnxMgEJCJNS6PtHTaogcA0825Oe9Va1auIkMaaQ4tOhmh0IKZm9jABbUyYkHyVnpaoMN+TZO3EhNhm2xGxoSJRBmOO3/boOGFF3zFEboJavMZbN/mOvCOUYAHhQeGuQwTqUZIj8pnRUuErYlU8x2wF6PF/AhTmjI8fHNp08kIAPfkY90vAltCgNbIHMBf2pJxZhfDe+6QbLRMMx4CSIyXjBAE/N0RvO1bByyukdwlafFLJHlRCL04WY4sxRb3QPMiEuTK/5v2jFgts0eySNvoRf+t2KRRO+48YvZQEH8HofNAga/ga2cdHBwYBSFx7qU+A3PmFQ8GE9n8ymnlzC7Kcy+YzjyIA3fTFSFQUr8idHpuSwggbvHamWFohxar0BwN9WnzhvqvDyB+M2JvezmH15ohMOYb17JHm2QVTtby9KWQPJc/feTj70HGDMVDaCB4dm4avP5Y4u8dohZxwcbohkav7447b9WuhwJ3RZgJkAUPoxw4wcw7P12vXJPWiNtxJM9TycQnrZx5RTsCfdNhEPAFPcx1vaYIbAUBmrtViFzvLqkx0hppj2JtMwuI645sEBhXOyYZREebRUps9UiMNusBgOxo+8wVc8MSgbN1D+1G1BYGmZS0lJ+5g5btwUeL1wd2cyFzCY3evuPO65+J0MHDhRmG9wr7PPu4BUds5EZGHp4DkfMrd5z5S5uUUzkiAiX1IwLWy9eAwKH7gMRo7zRGKxKZApA7sX1BShJQDPlxpXM9kjfhh+SZFFyLtMSesdrxVvmMhTNs2HyvBxLM4UkTEqUxe5AhdW0mHmT6yR7uQedhRnv28NPfkxvtmHg8TDm0dPh5CPI0Ui5t3IMPLuKvmPDkFcP840FwcnndPyICJfUjAtbLN4sAEkNUXqeHiJgekBMvDSYF5If42Y6RmBcs8KVG3DxA2Jj5ayM15goTj+cETSTPVn+tbJtwTDZ5QsQeVAMR06YHEkbuztPCkTBcTCrzQWdmERPda+AsDjLBqr8+a/u89IyZhYmLmQc+OdQ0JgIl9THRbFlbQYDZxeQq75nnptM8O2ihJvz4ZXO7Q2S0eSYF14gkSXNlaxYHBclzHzTh6noTjVwIvYSZR4hJwyknXZlSmFbMH1iUxGzCY8WDh187k8yr0vcXR9jjz09Os9cXDy2mHNEx9d+DkCZOg89lTbtEoKS+S3RPXXbPrA8BdviB5Gm4XAFNoA6aKrIbiJ6mL4Y3UwaS5zbJ9k57d41QsUw1iJ8dmqYv4iBXQz70xKSlUQCiRcBniijXQ94qHihGDiZ8hVDwJint4rd+u1TCfq7tFnHR4PULmfMI4nL45FzDLo7EN72yMzhMkkrqk8DeSjeCAKIXf4a54WnpM68ay9oHokeG3CfZlgUdcy1zhtWUzDLMNbR5rn80eW6Eg/A24X1z15Qr8qEHACLmYkjbPzvHuVoiaD71ymTr50tufxA+4j6nDGFr1TcI/3yfo6Wzp/OO0V7tp4kjcTb4QRM3gkm1TVMiUFKfEv3WvTUETCIy2yBIJhk2eCYaGj0zDJJHmOz1lr+LZsjrhNeMeCdWW94soCFi5M3Xm/+4MMImYq18FbFQcDKrYQmClvPM4VdP6x6O+ZzPGBnYtmiIXzo3Q2GMPYiYlayqZVoyb8Cc4iHFK8YDKM1pmgUCJxpRUj8BRLMiMAECSJFt2gTsJYkekdLomTRoxHLEOogHAfOOUAf8uU1MMomw2yNjZZrI1CX2cOYaWjq3SqYeZhw2e546FgfxU/eQYRcXjljQLA8ZWjltHLkr35zAUK6yKzNEoKQ+w5vSJm0agUsSPZJ+dtDgUkhzZ75B5rxIaPPInSB75M/DBBkT+wRBI2rXeDi4xr7j9m0P1zMDqYdJhZuhRUgWEKUJTUtBoKS+lDvVdhaBNyNAW6ZhWzbPbs8UwsecuQYZexBYmm+hlEnZJ+WjyPqS4phzrrPwiIbPNTGXHjf1c3NAoKQ+h7vQNhSBIlAERkKgpD4SkC2mCBSBIjAHBErqc7gLbcNYCLScIrB5BErqm/8KFIAiUATWhEBJfU13s30pAkVg8wiU1Ef+CrS4IlAEisCUCJTUp0S/dReBIlAERkagpD4yoC2uCBSBIjAuAkcrraR+NLx6dREoAkVg1giU1Gd9e9q4IlAEisDRECipHw2vXl0EtohA+7wgBErqC7pZbWoRKAJF4HQIlNRPh1DPF4EiUAQWhEBJfUE3a8tNbd+LQBE4HAIl9cPh1KuKQBEoAotAoKS+iNvURhaBIlAEDodASf1wOB0c9LoiUASKwAIQKKkv4Ca1iUWgCBSBwyJQUj8sUr2uCBSBIjAuAjspraS+E1hbaBEoAkVgGgRK6tPg3lqLQBEoAjtBoKS+E1hbaBFYBgJt5foQKKmv7562R0WgCGwYgZL6hm9+u14EisD6ECipr++eLqtHbW0RKAKjIlBSHxXOFlYEikARmBaBkvq0+Lf2IlAEisCoCJTUD0bFs4UVgSJQBCZFoKQ+KfytvAgUgSIwLgIl9XHxbGlFoAgUgYMpISipT4l+6y4CRaAIjIxASX1kQFtcESgCRWBKBErqU6LfuovArhBouZtFoKS+2VvfjheBIrBGBErqa7yr7VMRKAKbRaCkvtlbv+uOt/wiUASmQKCkPgXqrbMIFIEisCMESuo7ArbFFoEiUASmQOD/AQAA//9ulIIAAAAABklEQVQDAHjDcGWZ5yclAAAAAElFTkSuQmCC', 'data:image/png;base64,iVBORw0KGgoAAAANSUhEUgAAAXUAAACUCAYAAABskrlbAAAQAElEQVR4AezdCdh221wG8IdmpTQKTZpoUpShQUmnpMOJpFNRnSZD84QkRFIoVCgqiZKihCilpC5EjlQ0KSnN8zxP9+9c33a95z3f8b7P9O7hub9r/7+1x7XXuvd+7vV/7/Vfa1911X9FoAgUgSKwGARK6ot5lK1IESgCRWC1Kqn3LSgCRWC3CDS3UREoqY8Kf29eBIpAEdgtAiX13eLZ3IpAESgCoyJQUh8V/t58Pwg01yJwuAiU1A/32bfmRaAILBCBkvoCH2qrVASKwOEiUFLfz7NvrkWgCBSBURAoqY8Ce29aBIpAEdgPAiX1/eDaXItAESgCu0XglLmV1E8JVE8rAkWgCMwBgZL6HJ5Sy1gEikAROCUCJfVTAtXTikARKAJzQKCkPoen1DIWgSJQBE6JQEn9lED1tCJQBIrAHBAoqc/hKbWMAwJNi0AROAGBkvoJAPVwESgCRWBOCJTU5/S0WtYiUASKwAkIlNRPAOj44W4XgSJQBKaMQEl9yk+nZSsCRaAIrIlASX1NwHp6ESgCRWC3COw2t5L6bvFsbkWgCBSBUREoqY8Kf29eBIpAEdgtAiX13eLZ3IrAHBFomReEQEl9QQ+zVSkCRaAIlNT7DhSBIlAEFoRASX1BD3POVWnZi0AR2A0CJfXd4NhcikARKAKTQKCkPonH0EIUgSJQBHaDQEl9wLFpESgCRWABCJTUF/AQW4UiUASKwIBASX1AounSEXjbVPCGsYtiN4u9TaxLEdgnAqPkXVIfBfbe9IwRePvc7+NiXx17cOzesfeLvUmsSxFYFAIl9UU9zlbmGAJXyfZbxm4duyR2mxgyvyDpjWPvFOtSBBaFQEl9UY+zlTmGwJtnm9zyuUlvHiO5eOevlvVbxj4o9saxxS6t2OEh4AU/vFq3xoeAAA8daX9RKssrv3rS/479R+z/Yh8W+5AYrT1JlyKwDARK6st4jq3FFRF41+z6vNgNYm8V+9vYb8R+MfafMTr7dZNeJ9alCCwGgZL6Yh7lRCsyTrHeOrf9wBjphceOxH8l298Ve1TsX2JkF17622W9SxFYDAIl9cU8ylbkCALvk/WPjukIfaOkfxN7cexZsZfHkHySlWPI3XqtCCwCgZL6Ih5jK3EEAZ2jvPSPyD6kTT9/ddZ/O/bXMdv/dS51nGWzSxFYBgIHQOrLeFCtxakRoKUj9fc8dwUSf2XWfz+mo9T2P59bT9KlCCwLgZL6sp7nodfG+/wBAeH9Y6JdELhol9/M9h/Hji5i2J1fT/0oKl2fPQJe6tlXohUoAkEASesUFab43tlG1v+b9E9jr4mJfkmyct5bZIWW7nyRMdnsUgROj8CUzyypT/nptGzrIICshSnqJH3nXGhbh+gvZ/3PYnT0JCveu/1S7z+zv1YEFoFAX+hFPMZWIgh4l4UnvmPWjRhNsvq3/PfE2B/EhgWZ2/8/2WGdN5/VLkVgGQj4ISyjJq3FoSPAM0fo5BTSCrLWIfqqAPOPsWFB5Ec9decOx+aTnm1JYQtXfwn5K+hdcnt2vaTm0vHX0bWyXj4JCGMvfQhjP4Hef1cIIGfTAhhQJE+ELpRxkF3sY8j+H7Jiv/BH+no2D36Bn0FbRtjCUUjoJwWVz4x9TuyusS+OfVnsK2NfFbtn7F6xe8Q+K6YvozNfBogxl5L6mOj33rtEAJkYcMSTlK8BR6YEEP1iezCyy59kw36ELkrmkH4HcNLw8a4R98cGi9vG7hy7WwxZf13S+8XuH7tv7D4xZI7YTb2AwNkdsv/2sTvG7hS7ODZIX1ntMgYCh/Qyj4Hvgu85qaqJdOFlvm9KhaR543+R9Z+P/Xvs6MJDNxDpn7KTpy4CBtGRGLJrUYt6kaR43iYwMwUxz9skZ7xspP0NqTEzx/yXZB1ZX5j0FrEPjV0/xgN/t6TXjl0zJs93SGrWS7hfI+vGB5g47c2y3mVEBErqI4LfW+8MAZ7nRyY3JIPgEfffZVtsOs88q69f6Okvzdbfx0gOSEiazVkv6oBcEbBphhEzAkfUX5+aIfAHJOWF3z3pp8Y+JvbhMWGgGkTEjLA1jHCBpT4Ig7ZgqoH815xv7hwpI3PBWmf0i3LMX0BJuoyFQEl9LOR7310iQHLxpz8yki/SIb9Iee32DWbbMeSOuHQASofjc0mRuEaMjMILR+JfkMJ/beyBsW+MIfAvTEob9+WnG2Xd+XRzDYB68+bxAPLWADLErNHTKBqN+zO57tmx74s9LPYtsW+LPSTmHhqOr8n6k2JIPkmXsRDwMMe697b37fVFYEAAud00G0gqyYpmbppdxISs7BvMNq8TeZFfyAfSKcsvPGYNFvkDMd8qldGI0biRKhKngX9p9tO5aeUfnHUELipFw6X/QD7qCQONG+N9w8k0Ci/MNb8QM5ulTlE6uUZBZ6j7IHTHHptzHhP77piQ0R9Pqv8C7nDNZpexECipj4V877srBBCy+HQaL9JCWEaPIhjkbfvovWyTE5jzdey96dETRl5XJg2NuWtukrIMBH6XrPvGKgnFd1bp4DovdVTq7ETidG8euPr4bR8lcPVF4CJ//jB5mYrYwCxEzcP/7OyTn8gWXvjTs42oX5KUt/5bSV2nr+Kvsv7nsb+MyU++JfOAMYXFg59COVqGIrApAuKlERoZAYmRDhA6jffK8kTsvFTn+w0w61d2/mn2axz8xUAK8vGN98pFvGSNDaLlLTPTASNfMd7KzejaOiY/MdeIJEHgIk6QN4mDJ45sES8ZxTW0czKKe2rYNAa5/LIRs+oHB/H5JJRLc+CnYt8c82m/T0/Ky6etPzrrPxkzNfGvJfUXjmsM0MrmgS0LqK6XeQHVaBUOGAGdezr6BlJGZL8XPMSoJznvgtARn4N+A8z6ac35/jowcRiS/ZRceEkMSQoJ1DFJDuFZ836FCvKGSRnImZzB00ba7KG59lvP2YOSOoeM8lFZF7migUDgGohBRsmhlXrwkBG4aB6e82tz4Ndj8hNfrkPUvWnepJPn5BjvG4E7j+ft+uzusgQEvJxLqEfrcLgIiNYgVQwIkAZ4miSYYd/xlBRBmtEQ0OHZ8XOOb/OEecVmgeRRI2oe9MNzIlIWEvjlWecJI+TbZR3R84jtR6oMwX5Gjt0mdstzpj9Aw6SRQOC0c/dSrqO/0YHEdQD7a8QHP5C0hkCcuXhzJM6j/47kzTsX6YO8fzfbsCmBB4glL0dfmCXXs3VbLgLizIU0qiHvWww6b5UHa99xcw5SH8gNcdKgEfzxc23Lm7csggQhk0Po0Dxwcd/mbkfEZCDSC28aIdPFDasnt9jP00bWjsuTFEM2YaQjjcZVViu3fL2EgsQ1PkicR00D/7Gc4S8ABM4T59XzwH86+xE4okfivPahjjnU5VAQKKkfypNeZj0RITkCsashEjTXyxvS052HKMVYI3eE7nqk7vdA/xY1IoKENy1cbwjh42mTWwzI8ReCBkHjIS/EK4pEuKS4bZo0UhU66X5HzX0Hs995OhuFA/o6k/LTuJ+bwtLBef7+OvBXgEFDT87+X42ZJ17Uinu6T3Z1OXQEvMSHjkHrP18EeLtC/Xi6aoFgRWn8kY0rMZ46whW9QYc2QlIn5c1yPs+bLo5Ieb/fmX08cjIJb5zn7VpEaqDNj+S4QT0aAIOfDOYRiSI/+8gs8qOhi1oZTP4+gO0e9pFpLkheNHT30pjwwo38JKMYGfuKHCehiEBR7mx2KQJXRKCkfkVMDn3PnOrPU2beY2TN02WD18r75skjYx2qPHBeNu1aPXnIIlHIKmKvEa2OTuTuHMc0GvJDqE/IRQgb6dKtTWQlVlunIyN7iB6RImF6N+J/fK4T1z3Yt2dbBykt3L5nZJu0Ig/Xa5h09pKReOG8+ZzSpQicjIAfw8ln9YwiME0EaNU8bZ466cXHMMgnCNkoS1KJuUwQNRJF2sj7+1MdHYvvnhTpI3zD5OnivH+drDxxoyjFgevIROSiWpAugieR+KoSqSXZnHfRaJBlxHI7bzBErdOS7m0f799fGefNpDuLwDoIlNTXQavnjo2A95VnjrgROk+aF05b55XroDSqkmdsyDrPmjdMxkDO5BEDenjsOis1BoOH/7xUTmy4DlHeuNGUIld+Lvt1vpJckLDzs6tLEZgmAn4kkytZC3TwCHgvyR48Z+GKSFgEClI2cIbnTZc2dJ2GjZxdY7DPDYOeofQG5yB+DYBjOjHJGS/LcTHiwhBJHjxk3jIphRf/SzmOwIVF8vxJL9nVpQjMAwEv+zxK2lIuFQHvIAmExy3sj+at09FAHXrzD6TiT4mZX+SHkhrCLu7707Jualghgrx0HjSpgzTyrBx7REy0ivjvG2TdqE1yjEgSnY+GwfPAkbbJsQwmIuGISsnpXYrAPBHwg5pnyVvquSGAeHnUNGux22K2eeCiTkgdNG+yyTNTsR+NiSox74njSPk9sg+BG44vr9dkW2cifRqh88Sdj7g1CGSXx+UcnY4iRl6XdQN2hqgXoYO0bp2QfgfyJePktC7LQ+BwauRlPpzatqZnhQDS5f0iSvHcOiJJIp+QApj9TygfD1x0CI/ZkHYdmrRsoYOucT1ZxGRSppH95FxrzhPHdWoK/SOX6LDkYeuURNgG6ejoNF2A+HGEn0uvsLiGOaCx8a1N8eq2a0VgtgiU1Gf76CZVcO+RkZEkDIQs+oTWLUbbHNwmjBJJQj7xeTSRJAicXu583jsCfkFqxVMnm/g0ndGayBvp/2yOkUvo3Mhb9AjSN2iH7MIjJ6XktFMtSJ+5xgAkpK4cp7q4JxWBqSLgxzjVsrVc00OA9yz6hAduGDw5hIyCfEkoQgWfmmIbsv60pOZGMRLScaGHrkH+vGraN0/dMHefQSPF0Lt57Dx5IyZJJIgb4ZNJjnvd7i+KBbEbcLSOHk56YcqiTkIglS/F3svSTIvAmSBQUj8TmGd3E9qyzkskhzRp4KaTRdAG6vi6ziNTKx2SZvwz77bRl8IBjYrU4Sl6BVkiZMfJLAhc5yY5hlYukgWBG3SDvI2UNHgI0Q7SSG5z3kXDomwkE/egryP+8558np0aCPHhriUX8db7ezgPUN01LwT6Es/ree26tJ4/7xuBI2EkyfO+KDcy34nJo4T4GR1plCQvXPQJUudRi/lG4OLDEbjwQB2XPn9meD0N3HFk73uZolkM3uEhI3CyCfnjJAJPcS63IGFk7r7KTkdXVvld7sQTNhC7e2vERN/Q1k+4pIeLwLQR8KOedglbul0hcNVkhLSQIO0Y2YoUMT+JDyU8P8cRrhhtIYQG7NCz6ePivV1DOkHe8kGE5A6TShlpaUpajYJRmhoFw+cdQ7Q8YhIJTxqJ5lZbLUjdvUg6GiPlkD+SXidj8o6IGPn5q0QDt871PbcITA6BkvrkHslWBUJOnilyIicwJKwzUselATZkEJ2Kg6ZNBzd5lOgURI+4XScPeclToZAmj91cJkZtkmQQqjhwA4F+JycNkkj5qQAADepJREFU5M37RrTrkmyyOPWicSLBKKPGYpP7aWCUUR3hJK9TF6AnFoEpItCXeIpP5XRlQkSeH0PASJaejbgNedfRiLhFizDRI2K3hRUaqYkQXcfjlof8hjuTUUgkPkJs6lleMU+dHj549rzcgbwHchyu33eqrMqvAVIGkg9tHEGvc29zt9DilV+e/sogw6yTR88tApNCwI/57ArUO22LAOJhPG9fuKFxm5YVOZERdEjSwg2nJ5sgKYSMuF03mHIgQMbLNXCH927UpiH4ZA3kRp6hgyN4RI/8XMPkMZaph3rR1dVt03LonD06n4vGTr6b5tfrisDoCJTUR38EpyoAEqP5Ilkx3+K1ySC+jYnAkTyvW2YIlyFghoxJE8ibN4v8X5gTjd70BR2TYpkzhYxi6L1pYXm+rnO9vHL6pBZ4GGFK/kHMRouqm/KuU1DX6mQd6ggHc8Wsk0fPLQKTQqCkPqnHcYXCIGpar4E4P5ijvjkpkoQ3iYgQNa1bZyRv2nB4nzTT6UkrJ7eQTy7MtQhLZItBNiQYIzuFISI1eZAxBiLP6ZNevLcaI5KQ8mvk6PkwWafgRp5q5DQIrvPXDZys1+aBQEt5DAE/jmO7ujkiAp6HyBKygoE1IlBo4UZjGoXJQ0XAZhAUNmiWQvHjvFajM3nbH5/yiz5B5t+UdSM6TR/L+0b8QgmRmFhwHvy6RJgsR1/gNETbqIdGbZNCqftgridXkZ2s14rALBHw45hlwRdaaNPFGqBzaeqnc5MUovMT0RsWTz///BwTanhxUp62IfM6LXmdtHGkjeSQP++bN88Dz+mLWmjpGjmSC9u0ckh9wMfvgW2aV68rAqMj0Bd49EdwuQIgddPOSkkvDiJpnvodsyHyxCAbMxSat4SXmt0HtyBzsfOkKX99aPC2AWH4HcBaY7hWXj25CEwJgeFlnlKZDrksPHQTWr06ICArXraU7st07CHybTzTZD37BakLZ+Rl+6sEGW9aKRKUqQnkRfbSUGyaV68rAqMjUFIf/RFcrgA8TlEtt8teA3zEiYvHJrWYqVDnIA+V7ouADvn5qTvZBCFvQ+rIfGgkdbxqLOSdR9ClCMwPgb6803pmyAVJGTTkQxEPSfFEvNivA9T8K4be8+a/IsfMfnjt1WqlU1XIIy+TF5tDi13UTx+DVJ+Bv2TYphWWz/A7kK/5ZGC5aX69rgiMisDwMo9aiN78CgjwHsksJtMSwXKvnGGgEQkGkQm9s89x39n84Rz33c3bJzWFrdGlgyafXYtaeNO+Q8qj1gDqKGabVhJOV8vFyD3Jym+CWa8Vgdkh0Jd32o8MgdPXEfq9U1SDg8gy5lrxwQmETnoQ3ucTbt+bc4RAPjGpDldT3PpwBQ80uxaxkJ00auanIb/od6CLb1o51w4x7ojdb4Jtml+vKwKjIrCjl3fUOiz95ohLXDlv1CyKz0iFzUF+/6R3i5nSljfvwxQ+FMGDNcqUbIPgnScsUhw7mQYZ5rLZLkIZEbt3FxlvG63iryIYA0Se/hJgtmtFYHYIeIlnV+gDLzDvnXduzhLf5/SBCZ75PYMLkvc9Tx2sYtfNZXKX7DczowFID8i6GHeDlRD8HJ+/2Rl9o1TjBAcNXqq1k2Xw1DUcO8mwmRSBs0Zgjj/qs8ZoDvdDbgjenC5PSIFJNLx3E3SZqIs3K2qGRKMB0Al7n5xnBKoPOZNokGR2TX6hf18/pVRe9dL3kM2dLQi9v4udwbl5Rr1yMwT68m6G21SvIiPoPDSdLM39vimoKBkzN5oPxihVni4yH6YgMKeMRuDmOZcHj+Cn/F4oG4mJV006SbF3tgx5y39nmTajInCWCHiJz/J+vdfZIYDcTfDFeze5lxkZhUiSYoRGmgsGwd84RdIJ6xxfK0L2N80+MfFT1Ja9s0PoJi+dHJXibrxoHHjnMhA6yvtntmtFYHYI+IHMrtAt8FoI8N7FcZNhnpQrhT7S331r1FwyiB85kmcuyHGfpiPb8O6FSF4v+6amvw8krOHaVlM/HtIIL+S+WqXiXYrA3BAoqc/tiW1XXtq7eWNekGzM3shDf1jWfyKmw9U0tghNnPsdsu+hscfGzPgoRFIHJYKnZ2f3KAvPGhG7OS9dSKP1TU1+w++AnIPUhTluml+vKwKjIjC8zKMWojc/cwQQlxkdX5k7095FzOg4NSukKBnEzws2b7twSAOdTF/wiJx/15iQSdPUDh5zdp3ZIuZeuby7/gJRzm1ufpTU4aLhM1naNnn22iIwGgJ+GKPdvDc+CYG9H+eZIjEdq6QYg5d0rppnxihVg5t8Ko9H7OtKPq5hDvdHpWTOQ+6mKiDd0Lmze68LD130C1JHxiY4U/5tbuo3MJSdh47Qt81zm/L02iKwFQJe6K0y6MWLQQChmZOdDPPk1Ios88CkvPOj8kx2rUwNfOes0OgRvOiZW2fb8H3zpuzLgzcvy3Vyn+G95aWbpTG7Nlo0EqQkDQTbKJNeVASmhMDw45hSmVqWcREYvHcdqD5kLSpGzDt5xkhWHr2RqzpXee+0dh/2EDnz6BTdCFf7hEfyqrNrZws9X1w9Aqb9mwvHzJab3kB0j4ZCfvLQGBmtuutyy7tWBM4EgZNI/UwK0ZtMFgHeO+3drJE+n4e4hUXS3oVGkmd8Wg/BIvibpCY6V32R6R5ZN4XwjZJeK8YjTrLVcs1cbeBRkhX9W+TLNuGHSJxGP5C61D4evHvUisDsECipz+6RjVZgHrzYdkRu1OqDUxLzyiD652V96Fzl5dLZL8k+YZEPTyr2/VZJbxCjvyPSrK69XCNXmPpAWUS9aEyya+MFeR8ty0DqiH3jTHthERgTgZL6mOjP895HvXdzzOhcpb/T1k029vJUy8hVBImARc+QZx6Z/RoC89MgeFMErzty8+rJg7eeZIXYmfVNTQMkT2WVh9+DAVn2267tA4HmuVcEvMR7vUEzXzQCSJX3/pLU0pwypBmThomBp8e/Lvtp70jyulkXPYPgDXwSJnlR9hnRivxPI8/wrIdIFRE523rq8kLiKcZli9+Dhsb+y3b0vyIwNwS8xHMrc8s7PQR478ILfZXpOSmeDlXeu4FLpv8lzYgpz6EVz5iXfqds0N957wY3+bLTSZEz7oPMc+lqF/ILQtdZKj/GY0fqzHatCMwOgZL67B7Z5AvMezf3u1GrpBneO2nG1AM8epEzOjh55uaXuUVqdPeYAVBD5IyPexwnVtsIWJrTV67f8P11+WVGOz+fpu4vgstO6H9FYG4IbPujmFt9W96zQ4BXbc53RC4s0oAmBP+4FMEHPS5NSnt3Hg9d5+r9so98w3O/OOu3PWcXJjVtgVBJA480HD6Q4doc6lIEisCAQEl9QKLpvhCge5NeTCj23NyE9y4q5kFZf3zsRTFzzvCahT7qWPVhD7HxOleZAVA8eeROMpGnRsGHQHJ5lyJQBAYESuoDEmebHurd6OC895cFgGfGDFZC2k/Lulh43rd3UuiikaM6V5kRrAYzmes9p66c5/rX2tjCxLor0xZZ9NIiMC0E/ICmVaKW5pAQoL2Lcf+eVFq8uwFOiNrcK4O0ovNysJy2MjWAsEmyzraeOo+fyXcwfzH0dzGg0XR2CPTlnd0jW1yBed2vSq3MFkmWETljrpkXZ5/9ImpEz9DfNQII3YhWI1kH4s+pGy0I/HinKJKn2W+UYS8qAqMhcO7GJfVzQDQZFQHkzOs2WpXOrlOVpm5CMVq6sEdkL0SSR//slJbHnmSrxWRg9P4hE4QuMocN+5oWgVkhUFKf1eM6iMKaKdLn9nSqPjU1fkrMtASPScpo6WLVd+FNI3SNyZDXQOrIPrfrUgTmh0BJfX7P7BBLrEPTyFWdrLv0onWSaiAGTN3HXwBs2Nf01Aj0xCkgUFKfwlNoGcZCYCD1wVMnA+mkZWOVqfctAlshUFLfCr5ePHMEdNIi8IHUpYiezbxqLf6hIlBSP9Qnv8x6r1sr5G3CseE68gtiH7abFoHZIVBSn90ja4H3gIAOUmROXyfB7OEWzbIInA0CJfWzwbl3mS4CCL1EPt3n05KtiUBJfU3ATjq9x2eHwNHRqmZ+NCBpdpVogYvAgEBJfUCi6aEiQHZh6k9fr9cOidpsESipz/bRteA7QsCHtV+RvMzzbj4ZaTa7FIGpILBeOUrq6+HVs5eHgLllzOPuM3umJ0Dwy6tla3QwCJTUD+ZRt6JXgoBpAp6fY0+PvTRmO0mXIjBPBErq83xuLXUROEsEeq8ZIVBSn9HDalGLQBEoAichUFI/CaEeLwJFoAjMCIGS+owe1iEXtXUvAkXgdAiU1E+HU88qAkWgCMwCgZL6LB5TC1kEikAROB0CJfXT4bRa9bwiUASKwAwQKKnP4CG1iEWgCBSB0yJQUj8tUj2vCBSBIrBbBPaSW0l9L7A20yJQBIrAOAiU1MfBvXctAkWgCOwFgZL6XmBtpkVgHgi0lMtDoKS+vGfaGhWBInDACJTUD/jht+pFoAgsD4GS+vKe6bxq1NIWgSKwUwRK6juFs5kVgSJQBMZFoKQ+Lv69exEoAkVgpwiU1Fc7xbOZFYEiUARGRaCkPir8vXkRKAJFYLcIlNR3i2dzKwJFoAisxoSgpD4m+r13ESgCRWDHCJTUdwxosysCRaAIjIlASX1M9HvvIrAvBJrvwSJQUj/YR9+KF4EisEQESupLfKqtUxEoAgeLQEn9YB/9vive/ItAERgDgZL6GKj3nkWgCBSBPSFQUt8TsM22CBSBIjAGAv8PAAD//45FpJ0AAAAGSURBVAMAE6/dZS+kp8cAAAAASUVORK5CYII='),
(14, 'WO-2025-NOV-00003', 7, 1, 'Pending', 'armando mendez rios rios', 'chilpancingo de los bravo', '7471228268', 'Particular editado', '2025-11-06', 14, NULL, 0.00, NULL, NULL, NULL, NULL, NULL, NULL, 0, 0, NULL, NULL, '2025-11-06 19:33:10', '2025-11-06 19:33:10', 0, 'Trabajo a realizar', NULL, NULL),
(15, 'WO-2025-NOV-00004', 7, 1, 'Pending', 'armando mendez rios rios', 'chilpancingo de los bravo', '781-555-1234', 'Gas Station', '2025-11-06', 16, NULL, 0.00, NULL, NULL, NULL, NULL, NULL, NULL, 0, 0, NULL, NULL, '2025-11-06 19:41:44', '2025-11-06 19:41:44', 0, 'Deccripcion', NULL, NULL),
(16, 'WO-2025-NOV-00005', 7, 1, 'Pending', 'armando mendez rios rios', 'chilpancingo de los bravo', '7471228268', 'Gas Station', '2025-11-06', 17, NULL, 0.00, NULL, NULL, NULL, NULL, NULL, NULL, 0, 0, NULL, NULL, '2025-11-06 19:47:44', '2025-11-06 19:47:44', 0, '............', NULL, NULL),
(17, 'WO-2025-NOV-00006', 7, 1, 'Pending', 'armando mendez rios rios', 'chilpancingo de los bravo', '7471228268', 'Gas Station', '2025-11-06', 14, NULL, 0.00, '', '', '0000-00-00 00:00:00', '0000-00-00 00:00:00', 0.00, NULL, 0, 0, 'Elemr Hernandez', '', '2025-11-06 21:32:57', '2025-11-06 21:33:36', 0, 'trabajo', NULL, NULL);

-- --------------------------------------------------------

--
-- Estructura de tabla para la tabla `workordertechnicians`
--

CREATE TABLE `workordertechnicians` (
  `work_order_id` int(11) NOT NULL,
  `user_id` int(11) NOT NULL
) ENGINE=InnoDB DEFAULT CHARSET=utf8mb4 COLLATE=utf8mb4_unicode_ci;

--
-- Volcado de datos para la tabla `workordertechnicians`
--

INSERT INTO `workordertechnicians` (`work_order_id`, `user_id`) VALUES
(13, 5);

--
-- Índices para tablas volcadas
--

--
-- Indices de la tabla `categories`
--
ALTER TABLE `categories`
  ADD PRIMARY KEY (`category_id`),
  ADD UNIQUE KEY `category_name` (`category_name`);

--
-- Indices de la tabla `subcategories`
--
ALTER TABLE `subcategories`
  ADD PRIMARY KEY (`subcategory_id`),
  ADD KEY `category_id` (`category_id`);

--
-- Indices de la tabla `users`
--
ALTER TABLE `users`
  ADD PRIMARY KEY (`user_id`),
  ADD UNIQUE KEY `email` (`email`);

--
-- Indices de la tabla `workorderphotos`
--
ALTER TABLE `workorderphotos`
  ADD PRIMARY KEY (`photo_id`),
  ADD KEY `work_order_id` (`work_order_id`);

--
-- Indices de la tabla `workorders`
--
ALTER TABLE `workorders`
  ADD PRIMARY KEY (`work_order_id`),
  ADD UNIQUE KEY `work_order_number` (`work_order_number`),
  ADD KEY `created_by_admin_id` (`created_by_admin_id`),
  ADD KEY `category_id` (`category_id`),
  ADD KEY `subcategory_id` (`subcategory_id`),
  ADD KEY `assigned_to_user_id` (`assigned_to_user_id`),
  ADD KEY `status` (`status`);

--
-- Indices de la tabla `workordertechnicians`
--
ALTER TABLE `workordertechnicians`
  ADD PRIMARY KEY (`work_order_id`,`user_id`),
  ADD KEY `user_id` (`user_id`);

--
-- AUTO_INCREMENT de las tablas volcadas
--

--
-- AUTO_INCREMENT de la tabla `categories`
--
ALTER TABLE `categories`
  MODIFY `category_id` int(11) NOT NULL AUTO_INCREMENT, AUTO_INCREMENT=38;

--
-- AUTO_INCREMENT de la tabla `subcategories`
--
ALTER TABLE `subcategories`
  MODIFY `subcategory_id` int(11) NOT NULL AUTO_INCREMENT, AUTO_INCREMENT=32;

--
-- AUTO_INCREMENT de la tabla `users`
--
ALTER TABLE `users`
  MODIFY `user_id` int(11) NOT NULL AUTO_INCREMENT, AUTO_INCREMENT=8;

--
-- AUTO_INCREMENT de la tabla `workorderphotos`
--
ALTER TABLE `workorderphotos`
  MODIFY `photo_id` int(11) NOT NULL AUTO_INCREMENT, AUTO_INCREMENT=61;

--
-- AUTO_INCREMENT de la tabla `workorders`
--
ALTER TABLE `workorders`
  MODIFY `work_order_id` int(11) NOT NULL AUTO_INCREMENT, AUTO_INCREMENT=18;

--
-- Restricciones para tablas volcadas
--

--
-- Filtros para la tabla `subcategories`
--
ALTER TABLE `subcategories`
  ADD CONSTRAINT `subcategories_ibfk_1` FOREIGN KEY (`category_id`) REFERENCES `categories` (`category_id`) ON DELETE CASCADE;

--
-- Filtros para la tabla `workorderphotos`
--
ALTER TABLE `workorderphotos`
  ADD CONSTRAINT `workorderphotos_ibfk_1` FOREIGN KEY (`work_order_id`) REFERENCES `workorders` (`work_order_id`) ON DELETE CASCADE;

--
-- Filtros para la tabla `workorders`
--
ALTER TABLE `workorders`
  ADD CONSTRAINT `workorders_ibfk_1` FOREIGN KEY (`created_by_admin_id`) REFERENCES `users` (`user_id`),
  ADD CONSTRAINT `workorders_ibfk_2` FOREIGN KEY (`assigned_to_user_id`) REFERENCES `users` (`user_id`) ON DELETE SET NULL,
  ADD CONSTRAINT `workorders_ibfk_3` FOREIGN KEY (`category_id`) REFERENCES `categories` (`category_id`) ON DELETE SET NULL,
  ADD CONSTRAINT `workorders_ibfk_4` FOREIGN KEY (`subcategory_id`) REFERENCES `subcategories` (`subcategory_id`) ON DELETE SET NULL;

--
-- Filtros para la tabla `workordertechnicians`
--
ALTER TABLE `workordertechnicians`
  ADD CONSTRAINT `workordertechnicians_ibfk_1` FOREIGN KEY (`work_order_id`) REFERENCES `workorders` (`work_order_id`) ON DELETE CASCADE,
  ADD CONSTRAINT `workordertechnicians_ibfk_2` FOREIGN KEY (`user_id`) REFERENCES `users` (`user_id`) ON DELETE CASCADE;
COMMIT;

/*!40101 SET CHARACTER_SET_CLIENT=@OLD_CHARACTER_SET_CLIENT */;
/*!40101 SET CHARACTER_SET_RESULTS=@OLD_CHARACTER_SET_RESULTS */;
/*!40101 SET COLLATION_CONNECTION=@OLD_COLLATION_CONNECTION */;
